state_name,state_code,district_name,district_code,subdistrict_name,subdistrict_code,cluster_name,village_name,udise_village_code,pincode,ward,school_name,udise_school_code,school_category,school_type,management,year_of_establishment,longitude,latitude,status,location_type,class_from,class_to,aff_board_sec,aff_board_h_sec,pre_primary,class_rooms,other_rooms,total_teachers,pre_primary_students,i_students,ii_students,iii_students,iv_students,v_students,vi_students,vii_students,viii_students,ix_students,x_students,xi_students,xii_students,class_students,class_with_pre_primary_students
"Andhra Pradesh","28","Nellore","None","Vidavalur","None","Zphs Vavilla","Vavilla","281916004","","","SRI SARASWATHI VIDHYA NIKETHAN    EM  SCHOOL","28191600407","Primary with Upper Primary","Co. Educational","Private Unaided (Recognized)","2001","80.0809","14.6042","Operational","Rural","1.0","7.0","","","0.0","7.0","0.0","6.0","0.0","12.0","41.0","26.0","20.0","24.0","14.0","8.0","0.0","0.0","0.0","0.0","0.0","145.0","145.0"
"Uttar Pradesh","09","Auraiya","122","Bhagyanagar","0862","Khanpur","Binpurapur","93206001","206244","","S.P. SHIVANAD INTER COLLEGE BHAGYANAGAR","9320600112","Secondary with Higher Secondary","Co. Educational","Private Unaided (Recognized)","2004","79.553144","26.640652","Operational","Rural","9.0","12.0","State Board","State Board","0.0","20.0","4.0","17.0","0.0","0.0","0.0","0.0","0.0","0.0","0.0","0.0","0.0","274.0","318.0","454.0","492.0","1538.0","1538.0"
"Karnataka","29","Tumakuru","548","Gubbi","5906","Mara Shettyhalli","Bennur","291802087","","","GLPS BENNUR","29180208701","Primary","Co. Educational","Department of Education","1959","76.815","13.274","Operational","Rural","1.0","5.0","","","0.0","2.0","0.0","2.0","0.0","3.0","2.0","2.0","0.0","5.0","0.0","0.0","0.0","0.0","0.0","0.0","0.0","12.0","12.0"
"West Bengal","19","Hooghly","312","Arambagh","2887","Arambagh-East","Maloypur-Ii/X","191208045","","","KESHABPUR HIGH SCHOOL","19120804502","Upper Pri. Secondary and Higher Sec","Co. Educational","Department of Education","1929","87.90671","22.88251","Operational","Rural","5.0","12.0","State Board","State Board","1.0","14.0","10.0","11.0","0.0","0.0","0.0","0.0","0.0","117.0","100.0","53.0","134.0","109.0","81.0","46.0","26.0","666.0","666.0"
"Madhya Pradesh","23","Indore","410","","None","Hss Kasturba Kanya","Ward No.57","232601057","452004","WARD NO.57","NAVEEN URDU GIRLS MS MOTI TABELA","23260105701","Primary with Upper Primary","Co. Educational","Department of Education","1925","75.85552","22.711939","Operational","Urban","1.0","8.0","","","0.0","9.0","0.0","3.0","0.0","13.0","17.0","18.0","13.0","15.0","12.0","5.0","10.0","0.0","0.0","0.0","0.0","103.0","103.0"
"West Bengal","19","24 Paraganas South","304","Kultali","2763","Merigunge J High Madrasah","Merigunj -1 -X","191819116","","","KACHIAMARA J B","19181911601","Primary","Co. Educational","Department of Education","1955","88.59978","22.18755","Operational","Rural","1.0","4.0","","","0.0","8.0","1.0","7.0","89.0","107.0","81.0","110.0","89.0","0.0","0.0","0.0","0.0","0.0","0.0","0.0","0.0","387.0","476.0"
"Chhattisgarh","22","Rajnandgaon","388","Rajnandgaon","3716","Mohandi","Vijaytala","220911142","","","GOVT. PRIMARY SCHOOL VIJAYTALA","22091114201","Primary","Co. Educational","Department of Education","1906","81.1636","21.3506","Operational","Rural","1.0","5.0","","","0.0","6.0","0.0","7.0","0.0","42.0","29.0","37.0","38.0","37.0","0.0","0.0","0.0","0.0","0.0","0.0","0.0","183.0","183.0"
"Karnataka","29","Koppal","543","Koppal","5876","Irakalagada","Hanumanahalli","290703065","","","GHPS  HANUMANAHALLI","29070306501","Primary with Upper Primary","Co. Educational","Department of Education","1961","76.355833","15.357013","Operational","Rural","1.0","7.0","","","0.0","5.0","0.0","7.0","0.0","30.0","25.0","31.0","33.0","31.0","25.0","23.0","0.0","0.0","0.0","0.0","0.0","198.0","198.0"
"Andhra Pradesh","28","Chittoor","503","Chittoor","4755","Mchs Greamspet","Chittoor(M)","282354902","","CHITTOOR(M)","DURGA PUBLIC SCHOOL","28235490286","Primary with Upper Primary","Co. Educational","Private Unaided (Recognized)","1995","79.0873","13.196","Operational","Urban","1.0","7.0","","","0.0","10.0","0.0","9.0","0.0","28.0","25.0","24.0","31.0","23.0","15.0","18.0","0.0","0.0","0.0","0.0","0.0","164.0","164.0"
"Madhya Pradesh","23","Balaghat","392","","None","Khamariya Hss New Jsk","Katang Jhari [Marari Tola]","234506007","481331","","GOVT. HSS KATANGJHARI 13-14","23450600704","Upper Pri. Secondary and Higher Sec","Co. Educational","Department of Education","2006","79.965406","21.839343","Operational","Rural","6.0","12.0","State Board","State Board","0.0","8.0","7.0","10.0","0.0","0.0","0.0","0.0","0.0","0.0","36.0","34.0","25.0","69.0","65.0","54.0","59.0","342.0","342.0"
"Madhya Pradesh","23","Singrauli","638","","None","Hrs Barka","Barka","235002210","486669","","PS CHHIRIHWA","23500221006","Primary","Co. Educational","Department of Education","1996","82.120617","24.157483","Operational","Rural","1.0","5.0","","","0.0","4.0","0.0","1.0","0.0","7.0","7.0","12.0","15.0","13.0","0.0","0.0","0.0","0.0","0.0","0.0","0.0","54.0","54.0"
"Madhya Pradesh","23","Raisen","421","Udaipura","3941","New Gghss Udaipura","Sultanganj","233407147","464770","","GMS SULTANGANJ","23340714701","Primary with Upper Primary","Co. Educational","Department of Education","1956","78.496263","23.009201","Operational","Rural","1.0","8.0","","","0.0","2.0","0.0","3.0","0.0","10.0","11.0","7.0","9.0","7.0","4.0","14.0","8.0","0.0","0.0","0.0","0.0","70.0","70.0"
"Uttar Pradesh","09","Muzaffarnagar","172","Shahpur","1435","Shoron","Shahpur","90205011","251318","SHAHPUR","ALLAMA IQBAL MEMORIAL PRIMARY SCHOOL","9020501104","Primary","Co. Educational","Private Unaided (Recognized)","2001","77.3544","29.2005","Operational","Urban","1.0","5.0","","","0.0","5.0","0.0","4.0","0.0","18.0","17.0","21.0","20.0","28.0","0.0","0.0","0.0","0.0","0.0","0.0","0.0","104.0","104.0"
"Gujarat","24","Surat","459","Chorasi","4233","Bhatha","Okha","242202009","395005","","SHREE SAKET HINDI PRIMARY SCHOOL","24220200904","Primary with Upper Primary","Co. Educational","Private Unaided (Recognized)","1992","72.726222","21.195314","Operational","Rural","1.0","8.0","","","1.0","9.0","0.0","4.0","0.0","9.0","13.0","18.0","24.0","26.0","18.0","20.0","22.0","0.0","0.0","0.0","0.0","150.0","150.0"
"Assam","18","Baksa","616","","None","Anandapur","Lakhipar","182403051","781333","","MAINAO ME","18240305103","Upper Primary only","Co. Educational","Government Aided","1995","91.43095","26.611583","Operational","Rural","6.0","8.0","","","0.0","3.0","0.0","4.0","0.0","0.0","0.0","0.0","0.0","0.0","10.0","12.0","10.0","0.0","0.0","0.0","0.0","32.0","32.0"
"Bihar","10","Patna","212","Pandarak","1964","M.S.Bakawan","Daulatpur","102823029","803214","","P.S. VASAWAN CHAK","10282302903","Primary","Co. Educational","Department of Education","1967","85.8062","25.3787","Operational","Rural","1.0","5.0","","","0.0","5.0","0.0","5.0","0.0","86.0","54.0","70.0","52.0","63.0","0.0","0.0","0.0","0.0","0.0","0.0","0.0","325.0","325.0"
"Rajasthan","08","Jodhpur","107","Sekhala","6831","Peeo6831- Mggs Khirjan Khas (220213)","Khirja Khas","81503001","342028","","SHRI VEER DURGADAS ADARSH","8150300111","Primary with Upper Primary","Co. Educational","Private Unaided (Recognized)","2009","72.37559","26.419809","Operational","Rural","1.0","8.0","","","0.0","10.0","0.0","5.0","0.0","19.0","24.0","35.0","8.0","6.0","25.0","17.0","25.0","0.0","0.0","0.0","0.0","159.0","159.0"
"Uttar Pradesh","09","Baghpat","124","","None","Mavikala","Mavikala","90803025","250345","","M.D. BAL VIDYALYA MAVIKALA","9080302503","Primary","Co. Educational","Private Unaided (Recognized)","1996","77.440145","29.021346","Operational","Rural","1.0","5.0","","","0.0","4.0","1.0","3.0","0.0","48.0","49.0","39.0","44.0","37.0","0.0","0.0","0.0","0.0","0.0","0.0","0.0","217.0","217.0"
"Uttar Pradesh","09","Bulandshahr","134","Unchagaon","1032","Uchagaon","Madiya Kalan","91105059","202398","","P.S. MADIYA KALAN","9110505901","Primary","Co. Educational","Department of Education","1995","77.962444","28.120211","Operational","Rural","1.0","5.0","","","0.0","5.0","1.0","3.0","0.0","20.0","35.0","21.0","18.0","12.0","0.0","0.0","0.0","0.0","0.0","0.0","0.0","106.0","106.0"
"Tamil Nadu","33","Dindigul","572","","None","Parali Pudhur","Paralipudur","331306025","","","PENIEL NURSERY AND PRIMARY SCHOOL ,VEMPARALI","33130602507","Primary","Co. Educational","Private Unaided (Recognized)","2008","78.176024","10.10055","Operational","Rural","0.0","5.0","","","0.0","4.0","1.0","9.0","39.0","33.0","36.0","31.0","41.0","30.0","0.0","0.0","0.0","0.0","0.0","0.0","0.0","171.0","210.0"
"Tamil Nadu","33","Namakkal","580","","None","Andipalayam","Molasi","330910006","","","PUES MOLASI","33091000602","Primary","Co. Educational","Department of Education","1929","77.85985","11.25989","Operational","Rural","1.0","5.0","","","0.0","5.0","0.0","3.0","0.0","12.0","13.0","15.0","16.0","17.0","0.0","0.0","0.0","0.0","0.0","0.0","0.0","73.0","73.0"
"Madhya Pradesh","23","Balaghat","392","Katangi","3747","Tekadi Ka Hs New Jsk","Heti Tola","234503088","481449","","GPS HETI TOLA","23450308801","Primary","Co. Educational","Department of Education","1997","79.733126","21.63577","Operational","Rural","1.0","5.0","","","0.0","2.0","0.0","2.0","0.0","3.0","3.0","4.0","3.0","3.0","0.0","0.0","0.0","0.0","0.0","0.0","0.0","16.0","16.0"
"Madhya Pradesh","23","Shajapur","430","Shujalpur","4006","Boy Hss Akodiya","Akodiya Mandi","232207077","465223","AKODIYA MANDI","SUN RAISE P S AKODIYA MANDI","23220707716","Pri. Upper Pri. and Secondary Only","Co. Educational","Private Unaided (Recognized)","2005","76.568444","23.621444","Operational","Urban","1.0","10.0","State Board","","0.0","15.0","15.0","15.0","47.0","47.0","48.0","41.0","48.0","47.0","50.0","49.0","33.0","30.0","25.0","0.0","0.0","418.0","465.0"
"Uttar Pradesh","09","Shahjahanpur","180","Sindhauli","1529","Kotabari","Sisora","92205019","242401","","MADARSA HASNI NIYAZI SISORA","9220501902","Primary","Co. Educational","Madarsa recognized (by Wakf board/Madarsa Board)","2011","80.355556","27.965278","Operational","Rural","1.0","5.0","","","0.0","5.0","0.0","4.0","0.0","9.0","11.0","12.0","14.0","15.0","0.0","0.0","0.0","0.0","0.0","0.0","0.0","61.0","61.0"
"Meghalaya","17","West Khasi Hills","279","","None","Laitdom","Mawpun","170403327","793120","","EVERGREEN L.P.SCHOOL MAWPUN","17040332701","Primary","Co. Educational","Private Unaided (Recognized)","2012","91.65","25.59778","Operational","Rural","1.0","5.0","","","0.0","1.0","0.0","2.0","11.0","7.0","5.0","6.0","4.0","0.0","0.0","0.0","0.0","0.0","0.0","0.0","0.0","22.0","33.0"
"Odisha","21","Kandhamal","359","Daringibadi","3424","Hatimunda (Ss) Pups","Hatimunda","212103111","","","MUNDADAKA NEW P.S.","21210311103","Primary","Co. Educational","Department of Education","2009","84.136827","19.736938","Operational","Rural","1.0","5.0","","","0.0","2.0","0.0","2.0","0.0","15.0","5.0","6.0","9.0","8.0","0.0","0.0","0.0","0.0","0.0","0.0","0.0","43.0","43.0"
"Rajasthan","08","Barmer","090","Panyla Kla","7472","Gups Fuleri (498167)","Dhobli","81705151","344033","","GPS GAJUO KI DHANI","8170515104","Primary","Co. Educational","Local body","2002","71.869699","25.362513","Operational","Rural","1.0","5.0","","","0.0","2.0","0.0","1.0","0.0","4.0","6.0","4.0","3.0","4.0","0.0","0.0","0.0","0.0","0.0","0.0","0.0","21.0","21.0"
"Odisha","21","Bhadrak","348","Basudevpur","3322","Balimeda Nodal","Panpur","210901042","","","PANPUR P.S.","21090104201","Primary","Co. Educational","Department of Education","1954","86.752808","21.024879","Operational","Rural","1.0","5.0","","","0.0","2.0","1.0","4.0","0.0","9.0","13.0","17.0","15.0","16.0","0.0","0.0","0.0","0.0","0.0","0.0","0.0","70.0","70.0"
"Rajasthan","08","Pratapgarh","629","Chhoti Sadri","0646","Peeo8092- Gsss Satola (224819)","Undavela","83312123","312403","","G.U.P.S.UNDAWELA","8331212301","Primary with Upper Primary","Co. Educational","Department of Education","1985","74.570345","24.34406","Operational","Rural","1.0","8.0","","","0.0","7.0","0.0","6.0","0.0","15.0","19.0","10.0","15.0","23.0","19.0","10.0","10.0","0.0","0.0","0.0","0.0","121.0","121.0"
"Rajasthan","08","Bikaner","093","Nokha","0634","Peeo2856- Gsss Morkhana (211432)","Morkhana Aathuna","80304108","334803","","SUNRISE ADARSH PUB. SCHOOL MORKHANA","8030410803","Primary with Upper Primary","Co. Educational","Private Unaided (Recognized)","2011","73.32101","28.01079","Operational","Rural","1.0","8.0","","","0.0","8.0","1.0","5.0","0.0","2.0","28.0","19.0","25.0","33.0","14.0","18.0","2.0","0.0","0.0","0.0","0.0","141.0","141.0"
"Telangana","36","Yadadri","None","Addagudur","None","Zphs Azimpeta","Veldevi","362016009","","","MPPS VELDEVI","36201600901","Primary","Co. Educational","Local body","1967","79.365755","17.348604","Operational","Rural","1.0","5.0","","","0.0","3.0","0.0","1.0","0.0","0.0","0.0","0.0","0.0","0.0","0.0","0.0","0.0","0.0","0.0","0.0","0.0","0.0","0.0"
"Chhattisgarh","22","Gariyaband","645","Mainpur","3704","Jhargaon","Jhargaon","222526109","","","GOVT. HIGHER SECONDARY SCHOOL JHARGAON","22252610908","Secondary with Higher Secondary","Co. Educational","Department of Education","2006","82.5253","20.0044","Operational","Rural","9.0","12.0","State Board","State Board","0.0","10.0","6.0","6.0","0.0","0.0","0.0","0.0","0.0","0.0","0.0","0.0","0.0","50.0","61.0","69.0","48.0","228.0","228.0"
"Gujarat","24","Panch Mahals","454","Kalol","4189","Bakrol","Ratanpura","241706050","389330","","RATANPURA P.SHALA","24170605002","Primary with Upper Primary","Co. Educational","Local body","1916","73.395606","22.593197","Operational","Rural","1.0","8.0","","","0.0","7.0","2.0","6.0","0.0","14.0","4.0","10.0","10.0","15.0","17.0","17.0","19.0","0.0","0.0","0.0","0.0","106.0","106.0"
"Haryana","06","Mahendragarh","069","Narnaul","0526","Gsss Narnaul","Narnaul","61604062","123001","NARNAUL","DAYANAND BAL VIDYA MANDIR NARNAUL","6160406252","Primary","Co. Educational","Private Unaided (Recognized)","1999","76.101111","28.045555","Operational","Urban","1.0","5.0","","","4.0","7.0","0.0","4.0","0.0","8.0","7.0","5.0","6.0","6.0","0.0","0.0","0.0","0.0","0.0","0.0","0.0","32.0","32.0"
"Maharashtra","27","Palghar","665","Wada","4603","Moj","Varai (Bk)","273619136","421303","","Z.P.SCHOOL, VARAI (BK)","27361913601","Primary","Co. Educational","Local body","1993","73.205315","19.633124","Operational","Rural","1.0","5.0","","","0.0","1.0","0.0","1.0","0.0","3.0","4.0","4.0","2.0","0.0","0.0","0.0","0.0","0.0","0.0","0.0","0.0","13.0","13.0"
"Gujarat","24","Mahesana","451","","None","Meu","Meu","240404094","382730","","ARBUDANAGAR (MEU) PRI SCHOOL","24040409406","Primary with Upper Primary","Co. Educational","Local body","2002","72.516497","23.507078","Operational","Rural","1.0","8.0","","","0.0","9.0","0.0","8.0","0.0","24.0","27.0","27.0","19.0","24.0","17.0","18.0","22.0","0.0","0.0","0.0","0.0","178.0","178.0"
"Gujarat","24","Bhavnagar","443","Palitana","4105","Moti Rajsthali P. School","Jamanvava","241409024","364270","","JAMANVAV P. SCHOOL","24140902401","Primary with Upper Primary","Co. Educational","Local body","1889","71.804797","21.569883","Operational","Rural","1.0","8.0","","","0.0","8.0","1.0","6.0","0.0","14.0","18.0","12.0","9.0","12.0","18.0","16.0","16.0","0.0","0.0","0.0","0.0","115.0","115.0"
"Maharashtra","27","Gadchiroli","475","Dhanora","4376","Murumgaon","Umarpal","271204075","442606","","Z. P. PRM. SCHOOL UMARPAL","27120407501","Primary","Co. Educational","Local body","1992","80.206285","20.287888","Operational","Rural","1.0","4.0","","","0.0","2.0","0.0","2.0","0.0","3.0","2.0","4.0","3.0","0.0","0.0","0.0","0.0","0.0","0.0","0.0","0.0","12.0","12.0"
"Odisha","21","Cuttack","350","Mahanga","3339","Achyutpur Ps","Gopalpur","211208050","","","BANGIRAJGOPALPUR UPS","21120805002","Primary with Upper Primary","Co. Educational","Department of Education","1917","86.244995","20.519621","Operational","Rural","1.0","8.0","","","0.0","5.0","3.0","8.0","0.0","4.0","4.0","9.0","11.0","15.0","43.0","35.0","48.0","0.0","0.0","0.0","0.0","169.0","169.0"
"Chhattisgarh","22","Raigarh","386","Pussore","3689","Pussore","Pussore","220414083","","PUSSORE","BOYS MS PUSSORE","22041408310","Upper Primary only","Boys Only","Department of Education","1962","83.3811","21.76","Operational","Urban","6.0","8.0","","","0.0","3.0","1.0","4.0","0.0","0.0","0.0","0.0","0.0","0.0","19.0","19.0","13.0","0.0","0.0","0.0","0.0","51.0","51.0"
"Uttar Pradesh","09","Sitapur","183","Hargaon","1554","Haidarpur","Hargaon","92405119","261121","","SHISHU VIDYA KUNJ","9240511908","Primary","Co. Educational","Private Unaided (Recognized)","1982","80.72961","27.78134","Operational","Rural","1.0","5.0","","","0.0","5.0","0.0","4.0","0.0","32.0","24.0","12.0","19.0","12.0","0.0","0.0","0.0","0.0","0.0","0.0","0.0","99.0","99.0"
"Maharashtra","27","Thane","497","Kalyan","4593","Sonarpada","Desalepada","272105084","421201","DESALEPADA","GARDIYAN SCHOOL NANDIVALI","27210508406","Pri. with Upper Pri. Sec. and H.Sec.","Co. Educational","Private Unaided (Recognized)","2002","73.086347","19.195159","Operational","Urban","1.0","12.0","ICSE","State Board","1.0","24.0","21.0","40.0","197.0","190.0","153.0","142.0","137.0","160.0","155.0","142.0","103.0","74.0","52.0","0.0","0.0","1308.0","1505.0"
"Bihar","10","Darbhanga","195","","None","Ms Parsarma","Kothram","101317044","847203","","MADRASA ISLAMIA TALIMUL BANAT KOTHRAM","10131704403","Primary with Upper Primary","Co. Educational","Madarsa recognized (by Wakf board/Madarsa Board)","1982","86.340218","25.92149","Operational","Rural","1.0","8.0","","","0.0","8.0","0.0","6.0","0.0","34.0","28.0","25.0","24.0","23.0","29.0","29.0","27.0","0.0","0.0","0.0","0.0","219.0","219.0"
"Odisha","21","Mayurbhanj","365","Rairangpur","3503","Pt Rn Murmu Ugups ","Pokharia","210717078","","","POKHARIA GOVT. PS","21071707801","Primary","Co. Educational","Department of Education","1974","86.135695","22.311086","Operational","Rural","1.0","5.0","","","0.0","4.0","2.0","3.0","0.0","13.0","11.0","6.0","6.0","9.0","0.0","0.0","0.0","0.0","0.0","0.0","0.0","45.0","45.0"
"Odisha","21","Kandhamal","359","Tumudibandh","3433","Tumudibandh Ups","Palam","212112216","","","NILINGIPADAR PUPS","21211221601","Primary with Upper Primary","Co. Educational","Department of Education","1986","83.69041","19.94153","Operational","Rural","1.0","8.0","","","0.0","3.0","0.0","6.0","0.0","1.0","1.0","1.0","2.0","1.0","6.0","2.0","1.0","0.0","0.0","0.0","0.0","15.0","15.0"
"Karnataka","29","Tumakuru","548","Gubbi","5906","Alilughatta","Haradagere","291802262","","","GHS  HARADAGERE","29180226203","Secondary Only","Co. Educational","Department of Education","1994","76.793","13.414","Operational","Rural","8.0","10.0","State Board","","0.0","3.0","4.0","7.0","0.0","0.0","0.0","0.0","0.0","0.0","0.0","0.0","44.0","34.0","42.0","0.0","0.0","120.0","120.0"
"Tamil Nadu","33","Chennai","568","Mylapore","None","Ghssvelachery Cent-2","Ward 110","330210004","","WARD 110","ST ANTONY'S PRIMARY SCHOOL","33021000401","Primary","Co. Educational","Government Aided","1981","80.254781","13.062167","Operational","Urban","1.0","5.0","","","1.0","8.0","1.0","6.0","0.0","8.0","1.0","5.0","2.0","8.0","0.0","0.0","0.0","0.0","0.0","0.0","0.0","24.0","24.0"
"Chhattisgarh","22","Kanker","381","Antagarh","3658","Bhainsasurkarregaon","Chindbhat","221403236","","","GOVT. PRIMARY SCHOOL CHINDBHAT","22140323601","Primary","Co. Educational","Department of Education","1998","81.1033","20.09","Operational","Rural","1.0","5.0","","","0.0","2.0","0.0","2.0","0.0","4.0","5.0","4.0","5.0","7.0","0.0","0.0","0.0","0.0","0.0","0.0","0.0","25.0","25.0"
"Rajasthan","08","Karauli","108","","None","Peeo6979- Gsss Gangarampura   Gurdeh (212702)","Gurdeh","80906008","322242","","GPS  CHOKI KA PURA","8090600804","Primary","Co. Educational","Local body","1999","77.188849","26.498109","Operational","Rural","1.0","5.0","","","0.0","5.0","5.0","2.0","0.0","3.0","3.0","6.0","9.0","6.0","0.0","0.0","0.0","0.0","0.0","0.0","0.0","27.0","27.0"
"Madhya Pradesh","23","Betul","394","Ghoradongri","3767","Hss Ghoradongari","Ratamati","233507116","460443","","UEGS GHUMMU DHANA","23350711604","Primary","Co. Educational","Tribal Welfare Department","2002","78.002217","22.139229","Operational","Rural","1.0","5.0","","","0.0","2.0","0.0","2.0","0.0","3.0","3.0","4.0","5.0","3.0","0.0","0.0","0.0","0.0","0.0","0.0","0.0","18.0","18.0"
"Madhya Pradesh","23","Anuppur","390","","None","Hs Rajendragram","Dhanpuri","234711024","484881","","PS DHANPURI","23471102401","Primary","Co. Educational","Tribal Welfare Department","1963","81.594951","22.970793","Operational","Rural","1.0","5.0","","","0.0","2.0","0.0","2.0","0.0","12.0","7.0","8.0","13.0","4.0","0.0","0.0","0.0","0.0","0.0","0.0","0.0","44.0","44.0"
"Uttar Pradesh","09","Jyotiba Phule Nagar (Amroha)","None","Joya","None","Sibora","Didoli","90621078","244222","","GAYATRI VIDHYA PEETH,DIDOLI","9062107805","Upper Primary only","Co. Educational","Private Unaided (Recognized)","2002","79.4167","25.7333","Operational","Rural","6.0","8.0","","","0.0","8.0","0.0","4.0","0.0","0.0","0.0","0.0","0.0","0.0","22.0","15.0","13.0","0.0","0.0","0.0","0.0","50.0","50.0"
"Uttar Pradesh","09","Azamgarh","123","Ahiraula","0866","Paramishrauli","Chaura Khara","96113085","223226","","P.S. CHAUPHAL","9611308501","Primary","Co. Educational","Department of Education","2006","82.272646","26.137867","Operational","Rural","1.0","5.0","","","0.0","4.0","3.0","6.0","0.0","9.0","14.0","16.0","22.0","18.0","0.0","0.0","0.0","0.0","0.0","0.0","0.0","79.0","79.0"
"West Bengal","19","Purba Medinipur","None","Bhagwanpur -Ii","None","Mugberia","Itaberia / Ix","191920047","","","PANCHBAJARI PRY. SCHOOL","19192004701","Primary","Co. Educational","Department of Education","1901","87.64697","22.03442","Operational","Rural","1.0","4.0","","","0.0","3.0","1.0","2.0","11.0","18.0","18.0","8.0","7.0","0.0","0.0","0.0","0.0","0.0","0.0","0.0","0.0","51.0","62.0"
"West Bengal","19","Dinajpur Dakshin","310","Balurghat","2870","Badamail Lp High School","Amritakhanda-Iii","190506040","","","SANKARPUR SSK","19050604002","Primary","Co. Educational","Department of Education","2001","88.8245","25.2511","Operational","Rural","1.0","4.0","","","0.0","2.0","2.0","2.0","6.0","4.0","8.0","5.0","5.0","0.0","0.0","0.0","0.0","0.0","0.0","0.0","0.0","22.0","28.0"
"Madhya Pradesh","23","Bhopal","396","","None","Nishatpura Govt, Hss","Ward No.70 Nagar Nigam Bhopal","233204032","462001","WARD NO.70 NAGAR NIGAM BHOPAL","PVT HSS (1-12) CENTRALFIALS HR. SEC. SCHOOL, KAROND BHOPAL (7312)","23320403247","Pri. with Upper Pri. Sec. and H.Sec.","Co. Educational","Private Unaided (Recognized)","1996","77.401959","23.294686","Operational","Urban","1.0","12.0","State Board","State Board","0.0","15.0","15.0","15.0","30.0","26.0","27.0","19.0","29.0","25.0","31.0","22.0","14.0","13.0","13.0","4.0","8.0","231.0","261.0"
"Rajasthan","08","Alwar","087","Bansur","0574","Peeo287- Gss Bahram Ka Bas (224988)","Behram Ka Bas","80609097","301416","","GOVT. SEC. SCHOOL  BAHRAM KA BAS","8060909701","Pri. Upper Pri. and Secondary Only","Co. Educational","Department of Education","1958","76.415038","27.659603","Operational","Rural","1.0","10.0","State Board","","1.0","10.0","10.0","11.0","0.0","12.0","7.0","5.0","5.0","4.0","20.0","12.0","12.0","19.0","14.0","0.0","0.0","110.0","110.0"
"Assam","18","Karimganj","293","","None","Veterbond-2","Veterbond - 3","182204246","788736","","530NO. KALIBARI LPS","18220424602","Primary","Co. Educational","Department of Education","1960","92.439467","24.44355","Operational","Rural","1.0","5.0","","","0.0","1.0","1.0","1.0","4.0","9.0","5.0","6.0","10.0","11.0","0.0","0.0","0.0","0.0","0.0","0.0","0.0","41.0","45.0"
"Rajasthan","08","Dholpur","098","Bari","0665","Peeo3881- Gsss Abdulpur (217543)","Budhpura","80802153","328021","","GOVT . P.S. BHADDHA KA PURA","8080215301","Primary","Co. Educational","Local body","1999","77.720659","26.686624","Operational","Rural","1.0","5.0","","","0.0","3.0","0.0","2.0","0.0","8.0","15.0","5.0","6.0","3.0","0.0","0.0","0.0","0.0","0.0","0.0","0.0","37.0","37.0"
"Jharkhand","20","Ramgarh","607","Patratu","3174","M.S. Kori","Jobo","202413059","829105","","UPG M.S. JOBO","20241305901","Primary with Upper Primary","Co. Educational","Department of Education","1976","85.427861","23.574583","Operational","Rural","1.0","8.0","","","0.0","11.0","0.0","6.0","0.0","3.0","14.0","28.0","22.0","23.0","21.0","30.0","20.0","0.0","0.0","0.0","0.0","161.0","161.0"
"Uttar Pradesh","09","Siddharthnagar","None","Itava","None","Indarigrant","Indrigrant","95407061","272192","","ADARSH KRISAK P.M.V.INDRIGRANT","9540706103","Upper Primary only","Co. Educational","Government Aided","1979","82.583611","27.396389","Operational","Rural","6.0","8.0","","","0.0","11.0","0.0","7.0","0.0","0.0","0.0","0.0","0.0","0.0","25.0","39.0","52.0","0.0","0.0","0.0","0.0","116.0","116.0"
"Uttar Pradesh","09","Gorakhpur","148","Sahjanawa","1185","Harpur","Harpur","95805077","273209","","P.S. ANANTPUR","9580507705","Primary","Co. Educational","Department of Education","2006","83.157323","26.704448","Operational","Rural","1.0","5.0","","","0.0","4.0","0.0","3.0","0.0","15.0","25.0","24.0","25.0","16.0","0.0","0.0","0.0","0.0","0.0","0.0","0.0","105.0","105.0"
"Uttar Pradesh","09","Muzaffarnagar","172","","None","Nagar Panchayat Sadar","Muzaffar Nagar","90215001","251002","MUZAFFAR NAGAR","GURU GOBIND SINGH JHS","9021500169","Primary with Upper Primary","Co. Educational","Private Unaided (Recognized)","1967","77.531998","29.807917","Operational","Urban","1.0","8.0","","","0.0","20.0","20.0","7.0","0.0","41.0","49.0","47.0","54.0","59.0","47.0","67.0","64.0","0.0","0.0","0.0","0.0","428.0","428.0"
"Himachal Pradesh","02","Chamba","016","","None","Dehgran","Dehgran","20113043","176316","","GPS DEHGRAN-I","2011304302","Primary","Co. Educational","Department of Education","1956","76.060556","32.8425","Operational","Rural","1.0","5.0","","","0.0","5.0","0.0","5.0","0.0","20.0","23.0","18.0","17.0","22.0","0.0","0.0","0.0","0.0","0.0","0.0","0.0","100.0","100.0"
"Chhattisgarh","22","Bilaspur","375","","None","Crcpendra","Bacharwar","220722029","","","GOVT. UPMS  NAVAPARA BACHARWAR (SSA)","22072202910","Upper Primary only","Co. Educational","Department of Education","2003","81.9483","22.8019","Operational","Rural","6.0","8.0","","","0.0","3.0","1.0","4.0","0.0","0.0","0.0","0.0","0.0","0.0","21.0","22.0","21.0","0.0","0.0","0.0","0.0","64.0","64.0"
"Jammu and Kashmir","01","Doda","004","Bhalla","6987","Khaloo","Sangoi","10909050","182221","","GPS SANGOI","1090905001","Primary","Co. Educational","Department of Education","1984","75.4053","33.34","Operational","Rural","1.0","5.0","","","0.0","2.0","0.0","2.0","0.0","4.0","5.0","0.0","2.0","3.0","0.0","0.0","0.0","0.0","0.0","0.0","0.0","14.0","14.0"
"Karnataka","29","Bagalkote","524","Jamkhandi","5757","Konnur","Konnur","290209042","","","GOVT HPS KONNUR  TOTA 1","29020904202","Primary with Upper Primary","Co. Educational","Department of Education","1983","75.353889","16.471944","Operational","Rural","1.0","7.0","","","0.0","5.0","5.0","5.0","0.0","15.0","14.0","16.0","12.0","15.0","13.0","10.0","0.0","0.0","0.0","0.0","0.0","95.0","95.0"
"Madhya Pradesh","23","Sehore","427","Nasrullaganj","3985","Ghs Soyat","Naharkheda","233304089","454001","","MS NAHARKHEDA NEW","23330408902","Primary with Upper Primary","Co. Educational","Department of Education","2014","77.304543","22.773791","Operational","Rural","1.0","8.0","","","0.0","6.0","0.0","2.0","19.0","10.0","8.0","11.0","13.0","12.0","8.0","8.0","13.0","0.0","0.0","0.0","0.0","83.0","102.0"
"Uttar Pradesh","09","Sitapur","183","Khairabad","1556","Parsehara","Saraiyan Sani","92407001","261131","","MA JAGRANI DEVI SANSTHAN KANYA HIGH SCHOOL","9240700107","Secondary Only","Co. Educational","Private Unaided (Recognized)","2005","80.8121","27.5101","Operational","Rural","9.0","10.0","State Board","","0.0","4.0","4.0","5.0","0.0","0.0","0.0","0.0","0.0","0.0","0.0","0.0","0.0","34.0","14.0","0.0","0.0","48.0","48.0"
"Maharashtra","27","Raigarh (Maharashtra)","None","Mahad","None","Nagaon","Bijghar","272404157","402301","","R.Z.P PRI. SCHOOL BHIJGHAR KON","27240415701","Primary","Co. Educational","Local body","1984","73.415012","18.016951","Operational","Rural","1.0","5.0","","","0.0","1.0","0.0","1.0","0.0","2.0","1.0","0.0","0.0","1.0","0.0","0.0","0.0","0.0","0.0","0.0","0.0","4.0","4.0"
"Madhya Pradesh","23","Raisen","421","Gairatganj","3937","New Excellence Gairatganj","Amgawan","233403004","464884","","UEGS AMGAWAN","23340300402","Primary","Co. Educational","Department of Education","2001","78.258107","23.414102","Operational","Rural","1.0","5.0","","","0.0","3.0","0.0","2.0","0.0","7.0","6.0","6.0","6.0","2.0","0.0","0.0","0.0","0.0","0.0","0.0","0.0","27.0","27.0"
"Uttar Pradesh","09","Mahoba","165","Panwari","1359","Kotra","Beehat","93904013","210429","","J.H.S.BEEHAT COMPOSIT","9390401302","Primary with Upper Primary","Co. Educational","Department of Education","2008","79.358228","25.42753","Operational","Rural","1.0","8.0","","","0.0","6.0","4.0","3.0","0.0","7.0","15.0","17.0","10.0","8.0","10.0","9.0","9.0","0.0","0.0","0.0","0.0","85.0","85.0"
"Jammu and Kashmir","01","Kupwara","008","Tangdar","0090","Tangdar","Tangdar","10102006","193225","","UNIQUE PUBLIC SCHOOL","1010200630","Primary","Co. Educational","Private Unaided (Recognized)","2017","73.856108","34.393535","Operational","Rural","1.0","5.0","","","0.0","6.0","2.0","6.0","0.0","0.0","0.0","0.0","0.0","0.0","0.0","0.0","0.0","0.0","0.0","0.0","0.0","0.0","0.0"
"Rajasthan","08","Karauli","108","Karauli","0731","Peeo6966- Gsss Saypur (212443)","Saypur","80901017","322241","","GUPS ANANDGARH","8090101734","Primary with Upper Primary","Co. Educational","Department of Education","1985","76.924088","26.497946","Operational","Rural","1.0","8.0","","","0.0","6.0","3.0","5.0","0.0","8.0","5.0","10.0","11.0","6.0","7.0","4.0","8.0","0.0","0.0","0.0","0.0","59.0","59.0"
"Jammu and Kashmir","01","Budgam","002","Chadoora","0016","Gms Surasyar","Surasyar","10406032","191113","","ISLAMIC EDU.INSTT. SURASYAR","1040603209","Primary","Co. Educational","Private Unaided (Recognized)","1992","74.695573","33.887525","Operational","Rural","1.0","5.0","","","0.0","8.0","1.0","5.0","15.0","5.0","13.0","5.0","10.0","11.0","0.0","0.0","0.0","0.0","0.0","0.0","0.0","44.0","59.0"
"Chhattisgarh","22","Kanker","381","Bhanupratappur","3659","Tarandul","Dhaneli","221418135","","","GOVT. PRIMARY SCHOOL  MUNGURTOLA DHANELI","22141813505","Primary","Co. Educational","Department of Education","2006","81.2289","20.1411","Operational","Rural","1.0","5.0","","","0.0","1.0","1.0","2.0","0.0","3.0","5.0","1.0","2.0","3.0","0.0","0.0","0.0","0.0","0.0","0.0","0.0","14.0","14.0"
"Bihar","10","Samastipur","217","Tajpur","2055","Kanya M.S. Tajpur","Kasba Tajpur","101904041","848130","","P.S. TAJPUR HINDI","10190404101","Primary","Co. Educational","Department of Education","1954","85.6757","25.8561","Operational","Rural","1.0","5.0","","","0.0","10.0","0.0","5.0","0.0","30.0","24.0","21.0","24.0","35.0","0.0","0.0","0.0","0.0","0.0","0.0","0.0","134.0","134.0"
"Uttar Pradesh","09","Bijnor","132","Kiratpur","0993","Bhojpur","Budgara","90307029","246721","","J.S. BUDGARA","9030702902","Upper Primary only","Co. Educational","Department of Education","1977","78.191365","29.574297","Operational","Rural","6.0","8.0","","","0.0","5.0","2.0","2.0","0.0","0.0","0.0","0.0","0.0","0.0","17.0","19.0","15.0","0.0","0.0","0.0","0.0","51.0","51.0"
"Madhya Pradesh","23","Mandla","415","Mandla","3903","Hss Limarua (23420115705)","Behanga","234201155","481661","","NMS BEHANGA","23420115503","Upper Primary only","Co. Educational","Tribal Welfare Department","2002","80.327819","22.538366","Operational","Rural","6.0","8.0","","","0.0","4.0","4.0","4.0","0.0","0.0","0.0","0.0","0.0","0.0","24.0","32.0","34.0","0.0","0.0","0.0","0.0","90.0","90.0"
"Karnataka","29","Raichur","546","Manvi","5895","Kallur","Kallur","290606084","","","AFIF PRIMARY SCHOOL KALLUR","29060608415","Primary","Co. Educational","Private Unaided (Recognized)","2015","77.211443","16.135973","Operational","Rural","1.0","5.0","","","1.0","8.0","1.0","6.0","0.0","14.0","25.0","26.0","22.0","13.0","0.0","0.0","0.0","0.0","0.0","0.0","0.0","100.0","100.0"
"Assam","18","Sivasagar","300","Amguri","2693","Hatighuli - I","Khatuwal","181603154","785683","","JHANJI SILPA BIDYALAYA  MES","18160315401","Upper Primary only","Co. Educational","Department of Education","1949","94.507867","26.8756","Operational","Rural","6.0","8.0","","","0.0","5.0","0.0","7.0","0.0","0.0","0.0","0.0","0.0","0.0","17.0","11.0","19.0","0.0","0.0","0.0","0.0","47.0","47.0"
"Uttar Pradesh","09","Fatehpur","142","Telyani","1114","Korain","Chitaura","94205022","212601","","P.S. NARAYANPUR","9420502205","Primary","Co. Educational","Department of Education","2012","80.786654","25.96535","Operational","Rural","1.0","5.0","","","0.0","3.0","0.0","3.0","0.0","9.0","4.0","7.0","5.0","7.0","0.0","0.0","0.0","0.0","0.0","0.0","0.0","32.0","32.0"
"Bihar","10","Banka","190","Katoria","1652","U.M.S. Kathon","Karipar Domkatta","102301328","813106","","N.P.S. KHARIPAR DOMKATTA","10230132802","Primary","Co. Educational","Department of Education","2006","86.723874","24.732947","Operational","Rural","1.0","5.0","","","0.0","3.0","0.0","2.0","0.0","30.0","24.0","23.0","17.0","17.0","0.0","0.0","0.0","0.0","0.0","0.0","0.0","111.0","111.0"
"Maharashtra","27","Nagpur","484","","None","Sindhihindi Ups-Pachpaoli","Jaripatka","270914019","440014","JARIPATKA","BHAGWANIDEVI GOPALDAS SHROFF SINDHU GIRLS HINDI PRY SCHOOL JARIPATKA","27091401903","Primary","Co. Educational","Government Aided","1983","79.093433","21.190383","Operational","Urban","1.0","4.0","","","0.0","19.0","19.0","10.0","201.0","96.0","90.0","80.0","97.0","0.0","0.0","0.0","0.0","0.0","0.0","0.0","0.0","363.0","564.0"
"Rajasthan","08","Nagaur","110","Degana","0740","Peeo7290- Gsss Pundlota (219434)","Pundlota","81401128","341503","","GPS THALA KI DHANI","8140112805","Primary","Co. Educational","Local body","1999","74.332074","26.812313","Operational","Rural","1.0","5.0","","","0.0","3.0","0.0","2.0","0.0","0.0","5.0","6.0","2.0","3.0","0.0","0.0","0.0","0.0","0.0","0.0","0.0","16.0","16.0"
"Karnataka","29","Belagavi Chikkodi","None","Hukkeri","None","Daddi","Attihal","293007001","","","KHPS ATTIHAL","29300700101","Primary with Upper Primary","Co. Educational","Department of Education","1938","74.4349","16.09887","Operational","Rural","1.0","7.0","","","0.0","6.0","1.0","2.0","0.0","13.0","8.0","10.0","14.0","13.0","16.0","22.0","0.0","0.0","0.0","0.0","0.0","96.0","96.0"
"Jharkhand","20","Pashchimi Singhbhum","None","Sonua","None","Upg High School Rakhasai","Bari","201721003","833103","","UPG HIGH SCHOOL RAKHASAI","20172100305","Pri. Upper Pri. and Secondary Only","Co. Educational","Department of Education","1923","85.413972","22.538528","Operational","Rural","1.0","10.0","State Board","","0.0","5.0","0.0","6.0","0.0","14.0","6.0","21.0","8.0","12.0","36.0","24.0","39.0","28.0","18.0","0.0","0.0","206.0","206.0"
"Odisha","21","Koraput","363","Semiliguda","3479","Hataguda Ps","Dusura","212914025","","","MALIDUSURA UPS","21291402502","Primary with Upper Primary","Co. Educational","Department of Education","1956","82.876141","18.558225","Operational","Rural","1.0","8.0","","","0.0","5.0","0.0","6.0","0.0","13.0","17.0","13.0","22.0","15.0","13.0","10.0","12.0","0.0","0.0","0.0","0.0","115.0","115.0"
"Odisha","21","Koraput","363","Kotpad","3472","Makaput Proj Ups","Makaput","212907037","","","KANGIAGUDA PROJ PS","21290703704","Primary","Co. Educational","Department of Education","2010","82.44927","19.04443","Operational","Rural","1.0","5.0","","","0.0","2.0","2.0","2.0","0.0","0.0","1.0","5.0","2.0","2.0","0.0","0.0","0.0","0.0","0.0","0.0","0.0","10.0","10.0"
"Madhya Pradesh","23","Vidisha","437","Gyaraspur","4043","Hs Noulas","Jhirania","233102148","464331","","GOVT. HS JHIRNIA","23310214803","Pri. Upper Pri. and Secondary Only","Co. Educational","Department of Education","2013","78.040853","23.4741","Operational","Rural","1.0","10.0","State Board","","0.0","3.0","1.0","4.0","0.0","2.0","1.0","5.0","4.0","2.0","19.0","24.0","34.0","40.0","42.0","0.0","0.0","173.0","173.0"
"Rajasthan","08","Barmer","090","Dhanau","6844","Peeo1494- Gsss Alamsar (221042)","Alamsar","81707029","344702","","GSSS ALAMSAR","8170702901","Pri. with Upper Pri. Sec. and H.Sec.","Co. Educational","Department of Education","1954","71.100145","25.330984","Operational","Rural","1.0","12.0","State Board","State Board","2.0","8.0","8.0","18.0","0.0","26.0","26.0","29.0","32.0","56.0","55.0","61.0","58.0","87.0","92.0","73.0","54.0","649.0","649.0"
"West Bengal","19","24 Paraganas North","303","Baduria","2724","Jadurhati Dakshin ","Jadurhati Uttar/Ii","191110067","","","SHERPUR POLERHAT JR. HIGH SCHOOL","19111006702","Upper Primary only","Co. Educational","Department of Education","2010","88.72007","22.74009","Operational","Rural","5.0","8.0","","","0.0","2.0","0.0","2.0","0.0","0.0","0.0","0.0","0.0","17.0","24.0","20.0","9.0","0.0","0.0","0.0","0.0","70.0","70.0"
"Maharashtra","27","Pune","490","","None","Ravet Kivale","Kivale","272520014","412101","KIVALE","PCMC VIKASNAGAR  PRI. SCH. 95","27252001402","Primary with Upper Primary","Co. Educational","Local body","1967","73.733165","18.670272","Operational","Urban","1.0","8.0","","","0.0","9.0","1.0","12.0","57.0","28.0","43.0","45.0","58.0","44.0","34.0","51.0","40.0","0.0","0.0","0.0","0.0","343.0","400.0"
"Karnataka","29","Belagavi Chikkodi","None","Raibag","None","Kudchi","Kudchi","293010033","","","GOVT KANNADA LOWER PRIMARY SCHOOL KUDACHI KODI","29301003307","Primary","Co. Educational","Department of Education","1971","74.88075","16.5741","Operational","Rural","1.0","5.0","","","0.0","4.0","2.0","2.0","0.0","2.0","6.0","6.0","3.0","3.0","0.0","0.0","0.0","0.0","0.0","0.0","0.0","20.0","20.0"
"Uttar Pradesh","09","Rae Bareli","175","Salon","1477","Suchi","Dandupur","92825116","229128","","PS DANDUPUR","9282511601","Primary","Co. Educational","Department of Education","1995","81.373338","26.110087","Operational","Rural","1.0","5.0","","","0.0","4.0","2.0","2.0","0.0","10.0","31.0","11.0","16.0","19.0","0.0","0.0","0.0","0.0","0.0","0.0","0.0","87.0","87.0"
"Haryana","06","Sirsa","074","Dabwali","0547","Ggsss Dabwali","Ward 02 Dabwali","61102075","125104","WARD 02 DABWALI","RAJA RAM GIRL SR. SEC. SCHOOL, DABWALI","6110207504","Pri. with Upper Pri. Sec. and H.Sec.","Co. Educational","Private Unaided (Recognized)","1953","74.700967","29.96901","Operational","Urban","1.0","12.0","State Board","State Board","10.0","16.0","6.0","13.0","0.0","23.0","39.0","32.0","31.0","31.0","28.0","21.0","24.0","21.0","26.0","21.0","10.0","307.0","307.0"
"Tamil Nadu","33","Erode","573","Erode","6161","V-Chatram","Erode 23","331007106","","ERODE 23","THE SENGUNTHAR HIGHER SECONDARY SCHOOL, ERODE","33100710601","Upper Pri. Secondary and Higher Sec","Boys Only","Government Aided","1944","77.71967","11.34097","Operational","Rural","6.0","12.0","State Board","State Board","2.0","42.0","4.0","60.0","0.0","0.0","0.0","0.0","0.0","0.0","274.0","292.0","259.0","329.0","305.0","198.0","181.0","1838.0","1838.0"
"Chhattisgarh","22","Mungeli","647","Lormi","3608","Gond Khamhi","Gond Khamhi","221912006","","","MS BOYS GOVT GONDKHAMHI","22191200606","Upper Primary only","Boys Only","Department of Education","1971","81.6272","22.2728","Operational","Rural","6.0","8.0","","","0.0","3.0","1.0","5.0","0.0","0.0","0.0","0.0","0.0","0.0","54.0","45.0","37.0","0.0","0.0","0.0","0.0","136.0","136.0"
"Uttar Pradesh","09","Agra","118","Akola","0804","Malpura","Gamri","91501020","283102","","J.H.S.GAMRI  (COMPOSITE)","9150102002","Primary with Upper Primary","Co. Educational","Department of Education","2007","77.91859","27.103925","Operational","Rural","1.0","8.0","","","0.0","8.0","0.0","10.0","0.0","16.0","48.0","37.0","19.0","34.0","41.0","38.0","33.0","0.0","0.0","0.0","0.0","266.0","266.0"
"West Bengal","19","Murshidabad","319","","None","Bagdhar Rajlakshmi J.B","Bahadurpur/Viii","190713111","","","BAGDAHAR S.S.K","19071311102","Primary","Co. Educational","Department of Education","1999","88.2672","24.3044","Operational","Rural","1.0","4.0","","","0.0","6.0","0.0","3.0","19.0","29.0","25.0","39.0","62.0","0.0","0.0","0.0","0.0","0.0","0.0","0.0","0.0","155.0","174.0"
"Nagaland","13","Longleng","615","Longleng","6514","Dummy","Yanching","130906008","798625","","GOVERNMENT MIDDLE SCHOOL YANGCHING","13090600802","Primary with Upper Primary","Co. Educational","Department of Education","1967","94.884722","26.444167","Operational","Rural","0.0","8.0","","","0.0","8.0","2.0","9.0","16.0","19.0","13.0","12.0","9.0","6.0","2.0","2.0","2.0","0.0","0.0","0.0","0.0","65.0","81.0"
"Maharashtra","27","Jalgaon","478","Yawal","4410","Bamnod","Bhalod","270315014","425304","","Z.P. URDU SCH. BHALOD","27031501402","Primary with Upper Primary","Co. Educational","Local body","1927","75.770398","21.168385","Operational","Rural","1.0","8.0","","","0.0","7.0","0.0","3.0","0.0","9.0","6.0","8.0","13.0","12.0","4.0","7.0","10.0","0.0","0.0","0.0","0.0","69.0","69.0"
"Tamil Nadu","33","Vellore","595","","None","Pups, Natrampalli","K.Banadarapalli","330419023","","","GHS K BANDARAPALLI","33041902304","Upper Pri. and Secondary","Co. Educational","Department of Education","1997","78.495176","12.581458","Operational","Rural","6.0","10.0","State Board","","0.0","13.0","6.0","7.0","0.0","0.0","0.0","0.0","0.0","0.0","24.0","41.0","26.0","33.0","36.0","0.0","0.0","160.0","160.0"
"Bihar","10","Araria","188","Raniganj","1631","U.M.S.Lakshmipur","Gitwas","100713047","854312","","GEETWAS PUBLIC SCHOOL","10071304704","Primary with Upper Primary","Co. Educational","Unrecognized","2014","87.411878","26.135143","Operational","Rural","1.0","8.0","","","0.0","9.0","0.0","5.0","0.0","35.0","23.0","36.0","6.0","24.0","23.0","20.0","13.0","0.0","0.0","0.0","0.0","180.0","180.0"
"Uttar Pradesh","09","Hardoi","150","Hariyawan","1201","Tolba Ant","Rohoi","92501034","241001","","PRY. SCH. ROHOI","9250103401","Primary","Co. Educational","Department of Education","1990","80.073548","27.522358","Operational","Rural","1.0","5.0","","","0.0","4.0","0.0","3.0","0.0","23.0","27.0","31.0","26.0","30.0","0.0","0.0","0.0","0.0","0.0","0.0","0.0","137.0","137.0"
"Maharashtra","27","Wardha","498","Karanja","4608","Sarwadi","Botona","270805054","442203","","Z. P. UP. PRI.SCHOOL BOTONA","27080505401","Primary with Upper Primary","Co. Educational","Local body","1952","78.287137","21.193969","Operational","Rural","1.0","8.0","","","0.0","5.0","1.0","5.0","0.0","10.0","13.0","10.0","12.0","16.0","14.0","11.0","10.0","0.0","0.0","0.0","0.0","96.0","96.0"
"Bihar","10","Muzaffarpur","208","Motipur","1887","M.S.Paghiyan","Pagahiyan Raiyati","101402101","843122","","U.H.S. PAGAHIYAN","10140210101","Pri. with Upper Pri. Sec. and H.Sec.","Co. Educational","Department of Education","1902","85.14221","26.17398","Operational","Rural","1.0","12.0","State Board","State Board","0.0","14.0","0.0","15.0","0.0","27.0","60.0","76.0","52.0","51.0","163.0","185.0","168.0","213.0","0.0","0.0","0.0","995.0","995.0"
"Andhra Pradesh","28","Guntur","506","","None","Mpups Ramudupalem","Putchanuthala","281744019","","","MPPS KR PALEM","28174401902","Primary","Co. Educational","Local body","1999","80.656","16.2339","Operational","Rural","1.0","5.0","","","0.0","2.0","0.0","1.0","0.0","1.0","3.0","5.0","5.0","7.0","0.0","0.0","0.0","0.0","0.0","0.0","0.0","21.0","21.0"
"Madhya Pradesh","23","Mandsaur","416","Malhargarh","3911","Hss.Narayan Garh","Choti Gurbheli","231904017","458553","","MS.CHOTI GUDBHELI","23190401702","Primary with Upper Primary","Co. Educational","Department of Education","2008","75.090725","24.271472","Operational","Rural","1.0","8.0","","","0.0","4.0","0.0","3.0","0.0","6.0","8.0","5.0","7.0","13.0","6.0","9.0","12.0","0.0","0.0","0.0","0.0","66.0","66.0"
"Uttar Pradesh","09","Mathura","167","Raya","1378","Gajoo","Birhana","91408026","281308","","R.RAMAN S.SADAN  VIRHANA REC.","9140802602","Primary","Co. Educational","Private Unaided (Recognized)","1990","78.441111","27.933056","Operational","Rural","1.0","5.0","","","0.0","3.0","1.0","5.0","0.0","18.0","27.0","21.0","20.0","28.0","0.0","0.0","0.0","0.0","0.0","0.0","0.0","114.0","114.0"
"Tamil Nadu","33","Thanjavur","586","Sethubhavachatram","6328","Kuppadevan","Thiruvath Thevan","332115054","","","PUPS PUTHUTERU","33211505404","Primary","Co. Educational","Department of Education","1969","79.23226","10.16696","Operational","Rural","1.0","5.0","","","0.0","5.0","0.0","3.0","0.0","18.0","16.0","15.0","21.0","24.0","0.0","0.0","0.0","0.0","0.0","0.0","0.0","94.0","94.0"
"Rajasthan","08","Sawai Madhopur","113","Sawai Madhopur","0772","Uceeo10057- Gsss Sawai Madhopur (217966)","Np Swm_Ward No. 19","81005194","322021","ND_SAWAI MADHOPUR - Ward No.- 19","VIVEKANAND  VIDHYA MANDIR UPS PURANA CITY","8100519406","Primary with Upper Primary","Co. Educational","Private Unaided (Recognized)","2002","76.48078","26.501538","Operational","Urban","1.0","8.0","","","4.0","11.0","1.0","5.0","18.0","1.0","10.0","11.0","8.0","8.0","7.0","6.0","8.0","0.0","0.0","0.0","0.0","59.0","77.0"
"Uttarakhand","05","Tehri Garhwal","055","Bhilangna","0425","Padagali","Pali","50401111","249161","","JH MAGROUN","5040111101","Upper Primary only","Co. Educational","Department of Education","1980","78.627","30.3509","Operational","Rural","6.0","8.0","","","0.0","3.0","4.0","3.0","0.0","0.0","0.0","0.0","0.0","0.0","29.0","24.0","28.0","0.0","0.0","0.0","0.0","81.0","81.0"
"Uttar Pradesh","09","Kanpur Dehat","156","Rajpur","1272","Rasdhan","Rasdhan","93308095","209125","","RAJ KISHORI DEVI H.S.RASDHAN","9330809509","Secondary Only","Co. Educational","Private Unaided (Recognized)","1986","79.690359","26.361573","Operational","Rural","9.0","10.0","State Board","","0.0","4.0","4.0","11.0","0.0","0.0","0.0","0.0","0.0","0.0","0.0","0.0","0.0","10.0","13.0","0.0","0.0","23.0","23.0"
"Tamil Nadu","33","Krishnagiri","577","Mathur","6210","Gerigepalli","Gerigepalli","333118012","","","GHSS GERIGEPALLI","33311801202","Upper Pri. Secondary and Higher Sec","Co. Educational","Department of Education","1986","78.455263","12.279087","Operational","Rural","6.0","12.0","State Board","State Board","1.0","12.0","6.0","14.0","0.0","0.0","0.0","0.0","0.0","0.0","26.0","26.0","36.0","55.0","33.0","36.0","46.0","258.0","258.0"
"Maharashtra","27","Raigarh (Maharashtra)","None","Mangaon","None","Talashet","Makti","272405090","402112","","R. Z. P SCHOOL MAKATI A. W 1 (W)","27240509002","Primary","Co. Educational","Local body","2002","73.227085","18.321788","Operational","Rural","1.0","4.0","","","0.0","2.0","0.0","2.0","0.0","2.0","1.0","0.0","2.0","0.0","0.0","0.0","0.0","0.0","0.0","0.0","0.0","5.0","5.0"
"Uttar Pradesh","09","Shravasti","181","Sirsiya","1535","Durgapur","Jokhwa","95106066","271831","","SREE R.S.K. DEVI P.V. JOKHWA  BAZAR","9510606604","Primary","Co. Educational","Private Unaided (Recognized)","2008","82.055336","27.705146","Operational","Rural","1.0","5.0","","","0.0","6.0","0.0","5.0","0.0","0.0","0.0","0.0","0.0","0.0","0.0","0.0","0.0","0.0","0.0","0.0","0.0","0.0","0.0"
"Rajasthan","08","Bikaner","093","Sri Dungargarh","0635","Uceeo9908- Gsss Near Taal Maidan Shri Dungargarh (211500)","Np_Dungagarh_Ward 10","80305100","331803","NP_SRI DUNGARGARH - Ward No.- 10","BHARAT AADERSH VIDYA MANDIR MOMASAR BASS SHRI DUNGARGARH","8030510001","Primary with Upper Primary","Co. Educational","Private Unaided (Recognized)","2003","74.006848","28.094067","Operational","Urban","1.0","8.0","","","0.0","8.0","1.0","10.0","0.0","20.0","64.0","60.0","63.0","57.0","62.0","50.0","47.0","0.0","0.0","0.0","0.0","423.0","423.0"
"Tamil Nadu","33","Thanjavur","586","Thiruvonam","6332","Vettikkadu","Vettikkadu","332106041","","","GHSS-VETTIKADU","33210604104","Upper Pri. Secondary and Higher Sec","Co. Educational","Department of Education","2003","79.19592","10.56273","Operational","Rural","6.0","12.0","State Board","State Board","2.0","11.0","6.0","20.0","0.0","0.0","0.0","0.0","0.0","0.0","33.0","36.0","42.0","52.0","46.0","54.0","49.0","312.0","312.0"
"Madhya Pradesh","23","Indore","410","","None","Girls Hss Bijalpur","Ward No 69","232601069","452009","WARD NO 69","SAMU BHAV PS BUDHA NAGAR","23260106903","Primary","Co. Educational","Department of Education","1999","75.823868","22.678944","Operational","Urban","1.0","5.0","","","0.0","2.0","0.0","4.0","0.0","4.0","16.0","14.0","10.0","12.0","0.0","0.0","0.0","0.0","0.0","0.0","0.0","56.0","56.0"
"Maharashtra","27","Kolhapur","480","","None","Central School Lalbahadur Shastri 34","Ichalkaranji Ward No. 19","273403082","416115","ICHALKARANJI WARD NO. 19","SHREE MRUGENDRAANNA SULTANPURE P V M","27340308206","Primary with Upper Primary","Co. Educational","Government Aided","1991","74.447447","16.692746","Operational","Urban","1.0","8.0","","","0.0","10.0","17.0","9.0","57.0","43.0","47.0","40.0","44.0","43.0","46.0","48.0","45.0","0.0","0.0","0.0","0.0","356.0","413.0"
"Gujarat","24","Bhavnagar","443","Ghogha","4103","Ukharala K V School","Rajpara","241406026","364050","","RAJPARA P SCHOOL","24140602601","Primary with Upper Primary","Co. Educational","Local body","1964","72.200064","21.615331","Operational","Rural","1.0","8.0","","","0.0","8.0","1.0","6.0","0.0","13.0","12.0","15.0","20.0","16.0","17.0","22.0","11.0","0.0","0.0","0.0","0.0","126.0","126.0"
"Odisha","21","Mayurbhanj","365","Raruan","3504","Niunty","Balanposi","210718065","","","BALANPOSI P.S.","21071806501","Primary","Co. Educational","Department of Education","1975","85.977953","22.010428","Operational","Rural","1.0","5.0","","","0.0","2.0","1.0","3.0","0.0","15.0","10.0","9.0","14.0","0.0","0.0","0.0","0.0","0.0","0.0","0.0","0.0","48.0","48.0"
"West Bengal","19","24 Paraganas North","303","Haroa","2737","Haroa","Gopalpur - Ii/Iii","191113110","","","PUKURIA JR. BASIC SCHOOL","19111311002","Primary","Co. Educational","Department of Education","1943","88.75482","22.61718","Operational","Rural","1.0","5.0","","","0.0","10.0","4.0","3.0","24.0","28.0","36.0","33.0","46.0","39.0","0.0","0.0","0.0","0.0","0.0","0.0","0.0","182.0","206.0"
"Manipur","14","Imphal West","256","Wangoi","2369","Khagemba Junior High School","Kakwa","140603128","795008","","ALBERT'S ENGLISH SCHOOL","14060312802","Pri. Upper Pri. and Secondary Only","Co. Educational","Private Unaided (Recognized)","1986","93.937295","24.771805","Operational","Rural","1.0","10.0","State Board","","0.0","13.0","9.0","18.0","92.0","41.0","27.0","31.0","27.0","26.0","27.0","27.0","21.0","26.0","23.0","0.0","0.0","276.0","368.0"
"Madhya Pradesh","23","Seoni","428","","None","Hss Excellence Dhanora","Dhanora","234408046","480999","","GGPS DHANORA","23440804602","Primary","Girls Only","Tribal Welfare Department","1974","79.836521","22.531093","Operational","Rural","1.0","5.0","","","0.0","2.0","0.0","2.0","0.0","1.0","1.0","1.0","4.0","3.0","0.0","0.0","0.0","0.0","0.0","0.0","0.0","10.0","10.0"
"Odisha","21","Jajapur","356","Dasarathapur","3399","Annapurna Nodal                    ","Dhanipur","211305147","","","KARANDIPUR P.S","21130514705","Primary","Co. Educational","Department of Education","1956","86.533738","20.805178","Operational","Rural","1.0","5.0","","","0.0","2.0","2.0","1.0","0.0","3.0","7.0","5.0","10.0","6.0","0.0","0.0","0.0","0.0","0.0","0.0","0.0","31.0","31.0"
"Uttar Pradesh","09","Sonbhadra","184","Ghorawal","1573","Amdih","Mahaw","97004076","231210","","COMPOSITE SCHOOL MAHAW","9700407602","Primary with Upper Primary","Co. Educational","Department of Education","2003","82.751544","24.683692","Operational","Rural","1.0","8.0","","","0.0","7.0","1.0","5.0","0.0","31.0","14.0","15.0","26.0","25.0","44.0","34.0","36.0","0.0","0.0","0.0","0.0","225.0","225.0"
"Jammu and Kashmir","01","Doda","004","","None","Gps Udhyanpur","Kalihand","10903019","182202","","GUPS UPPER KALIHAND","1090301903","Primary with Upper Primary","Co. Educational","Department of Education","1978","75.606467","33.194809","Operational","Rural","1.0","8.0","","","0.0","5.0","0.0","3.0","16.0","15.0","10.0","7.0","9.0","9.0","16.0","6.0","8.0","0.0","0.0","0.0","0.0","80.0","96.0"
"Uttar Pradesh","09","Agra","118","","None","Kotwali Ward","Kotwali Ward","91517142","282010","","RAGENDRA SWARUP PUBLIC SCHOOL","9151714242","Primary","Co. Educational","Private Unaided (Recognized)","2016","77.957772","27.203563","Operational","Rural","1.0","5.0","","","0.0","8.0","0.0","1.0","0.0","5.0","4.0","4.0","6.0","3.0","0.0","0.0","0.0","0.0","0.0","0.0","0.0","22.0","22.0"
"Uttar Pradesh","09","Kanpur Dehat","156","Rasulabad","1273","Bhawanpur","Tarsaulee","93309093","209306","","PR. VI. TARSAULEE","9330909301","Primary","Co. Educational","Department of Education","1988","79.740629","26.633278","Operational","Rural","1.0","5.0","","","0.0","3.0","2.0","5.0","0.0","21.0","21.0","14.0","14.0","20.0","0.0","0.0","0.0","0.0","0.0","0.0","0.0","90.0","90.0"
"Kerala","32","Kottayam","560","Kanjirappally","6013","Erumely","Erumeli South","321004005","686509","","M.T.L.P.S KANAKAPALAM","32100400506","Primary","Co. Educational","Government Aided","1953","76.83528","9.4666","Operational","Rural","0.0","4.0","","","0.0","5.0","6.0","5.0","8.0","9.0","10.0","8.0","14.0","0.0","0.0","0.0","0.0","0.0","0.0","0.0","0.0","41.0","49.0"
"Madhya Pradesh","23","Jabalpur","411","","None","Govt. H.S.S. Ganesh Ganj","G.C.F. Ward","233902216","","G.C.F. WARD","SHISHU VIDHYA PEETH BANGALI GIRLS PRIMARY SCHOOL","23390221621","Primary with Upper Primary","Co. Educational","Private Unaided (Recognized)","2019","79.596734","23.12505","Operational","Urban","1.0","8.0","","","0.0","12.0","12.0","8.0","0.0","24.0","19.0","31.0","28.0","35.0","42.0","34.0","42.0","0.0","0.0","0.0","0.0","255.0","255.0"
"Madhya Pradesh","23","Dhar","403","Nalchha","3824","Hs Bachhanpur","Gularjhiri","232509206","454010","","NPS(EGS)DHOREMARIYA","23250920606","Primary","Co. Educational","Tribal Welfare Department","1998","75.51344","22.484221","Operational","Rural","1.0","5.0","","","0.0","3.0","1.0","1.0","0.0","6.0","6.0","4.0","4.0","3.0","0.0","0.0","0.0","0.0","0.0","0.0","0.0","23.0","23.0"
"Uttar Pradesh","09","Bijnor","132","","None","Begrajpur","Beg Raj Pur","90303080","271633","","P.S.BEGRAJ PUR","9030308002","Primary","Co. Educational","Department of Education","1974","78.334557","29.316441","Operational","Rural","1.0","5.0","","","0.0","3.0","0.0","4.0","0.0","24.0","32.0","31.0","20.0","12.0","0.0","0.0","0.0","0.0","0.0","0.0","0.0","119.0","119.0"
"Karnataka","29","Belagavi","527","","None","Angol","W.No.1.Bgm.City.","290103001","","W.NO.1.BGM.CITY.","GOVT UHPS MAJGAON","29010300103","Primary with Upper Primary","Co. Educational","Department of Education","1986","74.494","15.81","Operational","Urban","1.0","7.0","","","0.0","2.0","0.0","3.0","0.0","8.0","9.0","8.0","5.0","5.0","8.0","9.0","0.0","0.0","0.0","0.0","0.0","52.0","52.0"
"Maharashtra","27","Aurangabad (Maharashtra)","None","Urc1","None","Mukundwadi","Cidco N-3 & N-4","271910072","431001","CIDCO N-3 & N-4","RADHAKRUSHNA PS","27191007239","Primary with Upper Primary","Co. Educational","Government Aided","1995","75.370657","19.864833","Operational","Urban","1.0","7.0","","","0.0","15.0","3.0","25.0","0.0","52.0","95.0","100.0","107.0","107.0","127.0","123.0","0.0","0.0","0.0","0.0","0.0","711.0","711.0"
"Maharashtra","27","Nandurbar","486","Navapur","4476","Visarvadi","Visarvadi","270102235","425426","","CHATRAPATI HIGH SCHOOL VISARVADI","27010223506","Upper Pri. and Secondary","Co. Educational","Government Aided","1999","73.961955","21.186488","Operational","Rural","6.0","10.0","State Board","","0.0","5.0","1.0","8.0","0.0","0.0","0.0","0.0","0.0","0.0","2.0","3.0","9.0","10.0","9.0","0.0","0.0","33.0","33.0"
"Bihar","10","Siwan","222","Mairwa","2119","M.S. Mairwa  Astaronnat","Ward No. 01","101611120","841239","WARD NO. 01","U.M.S. NAWKA TOLA,MAIRWA.","10161112001","Primary with Upper Primary","Co. Educational","Department of Education","1957","84.1481","26.2453","Operational","Urban","1.0","8.0","","","0.0","6.0","0.0","4.0","0.0","15.0","14.0","25.0","31.0","41.0","35.0","34.0","35.0","0.0","0.0","0.0","0.0","230.0","230.0"
"Gujarat","24","Vadodara","461","Savli","4265","Gothada","Savli","241909166","391770","","SAVLI HIGH SCH.SEC & HIGH SEC. VIBHAG","24190916617","Secondary with Higher Secondary","Co. Educational","Government Aided","1928","73.224009","22.557589","Operational","Rural","9.0","12.0","State Board","State Board","0.0","14.0","5.0","18.0","0.0","0.0","0.0","0.0","0.0","0.0","0.0","0.0","0.0","228.0","220.0","115.0","122.0","685.0","685.0"
"Rajasthan","08","Bikaner","093","Poogal","7435","Peeo2730- Gss Sammewala (224958)","Jhudkiya","80306063","334808","","G.P.S. 2 S.M.D.","8030606304","Primary","Co. Educational","Local body","2013","72.634406","28.338844","Operational","Rural","1.0","5.0","","","0.0","2.0","2.0","1.0","0.0","7.0","3.0","3.0","2.0","2.0","0.0","0.0","0.0","0.0","0.0","0.0","0.0","17.0","17.0"
"Uttar Pradesh","09","Shahjahanpur","180","Banda","1516","Navichi","Rai Tanda","92206047","242042","","JHS RAI TANDA","9220604702","Upper Primary only","Co. Educational","Department of Education","1979","80.092114","28.346197","Operational","Rural","6.0","8.0","","","0.0","6.0","6.0","1.0","0.0","0.0","0.0","0.0","0.0","0.0","41.0","37.0","31.0","0.0","0.0","0.0","0.0","109.0","109.0"
"Rajasthan","08","Nagaur","110","Kuchaman","0743","Peeo7412- Gsss Jiliya (219928)","Udaypura","81409157","341508","","GUPS UDAYPURA","8140915701","Primary with Upper Primary","Co. Educational","Department of Education","1994","74.847141","27.229661","Operational","Rural","1.0","8.0","","","0.0","7.0","3.0","6.0","0.0","3.0","3.0","4.0","5.0","3.0","6.0","12.0","13.0","0.0","0.0","0.0","0.0","49.0","49.0"
"Uttar Pradesh","09","Jyotiba Phule Nagar (Amroha)","None","Gajraula","None","Sihali Jagir","Sihali Jagir","90617086","244235","SIHALI JAGIR","RAJENDRA ACADEMY SENIOR SECONDARY SCHOOL","9061708616","Pri. with Upper Pri. Sec. and H.Sec.","Co. Educational","Private Unaided (Recognized)","2001","78.241512","28.845442","Operational","Urban","1.0","12.0","CBSE","CBSE","2.0","19.0","24.0","27.0","0.0","35.0","45.0","37.0","37.0","45.0","41.0","47.0","51.0","35.0","33.0","18.0","26.0","450.0","450.0"
"Gujarat","24","Surat","459","","None","Crc-15-Katargam","Ved Road","242215026","395004","VED ROAD","INGENIOUS 3G ACADEMY","24221502652","Primary with Upper Primary","Co. Educational","Private Unaided (Recognized)","2012","72.821754","21.231041","Operational","Urban","1.0","8.0","","","0.0","8.0","2.0","8.0","0.0","8.0","13.0","13.0","6.0","13.0","5.0","7.0","5.0","0.0","0.0","0.0","0.0","70.0","70.0"
"Rajasthan","08","Sawai Madhopur","113","Bamanwas","0768","Peeo8442- Gsss Phulwada (212749)","Jakholas Khurd","81001098","322214","","G. P.S. JAKHOLAS KHURD","8100109801","Primary","Co. Educational","Local body","1985","76.466341","26.12917","Operational","Rural","1.0","5.0","","","0.0","2.0","2.0","1.0","0.0","4.0","4.0","5.0","5.0","1.0","0.0","0.0","0.0","0.0","0.0","0.0","0.0","19.0","19.0"
"Karnataka","29","Ballari","528","","None","Thambra Halli","Sigenahalli","291203046","","","GLPS SEEGNALLI MIDDLE","29120304602","Primary","Co. Educational","Department of Education","1963","76.149208","15.161164","Operational","Rural","1.0","5.0","","","0.0","4.0","2.0","2.0","0.0","9.0","5.0","5.0","3.0","4.0","0.0","0.0","0.0","0.0","0.0","0.0","0.0","26.0","26.0"
"Odisha","21","Kandhamal","359","Raikia","3431","Raikia P.U.P.S.","Raikia","212110106","","","JIDINISAHI P.S.","21211010607","Primary","Co. Educational","Department of Education","1960","84.242654","20.063638","Operational","Rural","1.0","5.0","","","0.0","2.0","2.0","3.0","0.0","7.0","3.0","4.0","4.0","2.0","0.0","0.0","0.0","0.0","0.0","0.0","0.0","20.0","20.0"
"Rajasthan","08","Karauli","108","Hindaun","0730","Uceeo9940- Ggsss Mohan Nagar Hindaun (212558)","Np Hindaun_Ward No.-19","80902188","322230","ND_HINDAUN - Ward No.- 19","GGSSS MOHANNAGAR","8090218801","Pri. with Upper Pri. Sec. and H.Sec.","Girls Only","Department of Education","1983","77.032455","26.739152","Operational","Urban","1.0","12.0","State Board","State Board","0.0","12.0","11.0","13.0","0.0","10.0","18.0","14.0","13.0","15.0","23.0","25.0","35.0","73.0","61.0","69.0","45.0","401.0","401.0"
"Jammu and Kashmir","01","Rajouri","012","","None","Ms Budhal","Raj Nagar","11217018","185233","","PS BARHOTE A","1121701815","Primary","Co. Educational","Department of Education","2008","74.6476","33.3832","Operational","Rural","1.0","5.0","","","0.0","2.0","2.0","2.0","0.0","3.0","2.0","6.0","7.0","3.0","0.0","0.0","0.0","0.0","0.0","0.0","0.0","21.0","21.0"
"Uttar Pradesh","09","Jhansi","153","Babina","1244","Khailar","Simrawari","93601044","284120","","RAINBOW PUBLIC SCHOOL TILAK NAGAR-BHEL JHANSI","9360104412","Primary with Upper Primary","Co. Educational","Private Unaided (Recognized)","2013","78.518257","25.315804","Operational","Rural","1.0","8.0","","","0.0","10.0","2.0","8.0","15.0","20.0","13.0","15.0","13.0","17.0","13.0","11.0","5.0","0.0","0.0","0.0","0.0","107.0","122.0"
"Andhra Pradesh","28","East Godavari","505","","None","Zphs Nimmakayalakothapalli","Uppalaguptam","281453009","","","MPPS  VANAPALLIPALEM","28145300912","Primary","Co. Educational","Local body","1950","82.1071","16.5384","Operational","Rural","1.0","5.0","","","0.0","3.0","0.0","1.0","0.0","3.0","9.0","9.0","9.0","6.0","0.0","0.0","0.0","0.0","0.0","0.0","0.0","36.0","36.0"
"Madhya Pradesh","23","Sheopur","431","Karahal","4008","Hsg Karahal","Karahal","230110107","476337","","GOVT. HS GIRLS PARISAR KARAHAL","23011010743","Secondary Only","Girls Only","Tribal Welfare Department","2012","77.055393","25.496419","Operational","Rural","9.0","10.0","State Board","","0.0","3.0","5.0","4.0","0.0","0.0","0.0","0.0","0.0","0.0","0.0","0.0","0.0","70.0","22.0","0.0","0.0","92.0","92.0"
"Rajasthan","08","Barmer","090","Chohtan","0606","Peeo1477- Gsss Neembli (225358)","Bhariyon Ki Basti","81709273","344012","","GPS ABDANIYON KI DHANI","8170927302","Primary","Co. Educational","Local body","2002","71.228922","25.508019","Operational","Rural","1.0","5.0","","","0.0","2.0","4.0","2.0","0.0","12.0","17.0","13.0","17.0","17.0","0.0","0.0","0.0","0.0","0.0","0.0","0.0","76.0","76.0"
"Uttar Pradesh","09","Kheri","159","","None","N.C.Lakhimpur","4 Sankata Devi","92316002","262701","4 SANKATA DEVI","KUWAR KUSHWAQT RAI IC MISHRANA LMP","9231600248","Upper Pri. Secondary and Higher Sec","Girls Only","Private Unaided (Recognized)","1999","80.4652","27.571","Operational","Urban","6.0","12.0","State Board","State Board","0.0","27.0","11.0","28.0","0.0","0.0","0.0","0.0","0.0","0.0","33.0","39.0","47.0","106.0","121.0","106.0","160.0","612.0","612.0"
"Jammu and Kashmir","01","Rajouri","012","","None","Ms Dhara Sambla","Doongi Manyallan","11213027","185151","","MS DONGI MANYALLAN","1121302701","Primary with Upper Primary","Co. Educational","Department of Education","2001","74.228","33.3307","Operational","Rural","1.0","8.0","","","0.0","6.0","1.0","3.0","0.0","8.0","6.0","11.0","9.0","12.0","7.0","10.0","0.0","0.0","0.0","0.0","0.0","63.0","63.0"
"Jammu and Kashmir","01","Ganderbal","626","","None","Safapora","Safapora","11913051","193504","","MPS BAGANDER MOHALLA","1191305114","Primary","Co. Educational","Department of Education","2005","74.679502","34.246938","Operational","Rural","1.0","5.0","","","0.0","3.0","0.0","3.0","15.0","5.0","4.0","4.0","1.0","5.0","0.0","0.0","0.0","0.0","0.0","0.0","0.0","19.0","34.0"
"Odisha","21","Khordha","362","","None"," ","Ward No. 05","211713010","","WARD NO. 05","MAHARISI PUB. SCHOOL, IRC VILLAGE","21171301073","Primary","Co. Educational","Private Unaided (Recognized)","2003","85.81154","20.290812","Operational","Urban","1.0","5.0","","","1.0","8.0","4.0","2.0","0.0","15.0","23.0","18.0","16.0","12.0","0.0","0.0","0.0","0.0","0.0","0.0","0.0","84.0","84.0"
"Odisha","21","Bargarh","347","Jharbandh","3318","Goudmal Ps","Shikaripali","210109086","","","SHIKARIPALI P.UGUP","21010908601","Primary with Upper Primary","Co. Educational","Department of Education","1954","82.897852","21.154818","Operational","Rural","1.0","8.0","","","0.0","4.0","0.0","5.0","0.0","16.0","7.0","14.0","17.0","10.0","9.0","20.0","14.0","0.0","0.0","0.0","0.0","107.0","107.0"
"Assam","18","Dhubri","285","Gauripur","2555","Fulkakata-2","Fulkakata Pt Iii","180203198","783323","","1986 NO. CHAITAN BARI LP SCHOOL","18020319801","Primary","Co. Educational","Department of Education","1958","89.8818","25.911133","Operational","Rural","1.0","5.0","","","0.0","2.0","1.0","3.0","0.0","25.0","28.0","26.0","16.0","24.0","0.0","0.0","0.0","0.0","0.0","0.0","0.0","119.0","119.0"
"Bihar","10","Samastipur","217","","None","M. S. Dahiyar","Parsa","101916047","847105","","U.M.S.  PARSA","10191604701","Primary with Upper Primary","Co. Educational","Department of Education","1935","86.054308","25.922504","Operational","Rural","1.0","8.0","","","0.0","9.0","9.0","9.0","0.0","55.0","52.0","58.0","59.0","42.0","102.0","79.0","89.0","0.0","0.0","0.0","0.0","536.0","536.0"
"Rajasthan","08","Sikar","114","Dhod","0774","Peeo8670- Mggs Dhod (213246)","Dhod","81303024","332002","","GOVT.ADRASH.SR.SEC.SCH., DHOD","8130302414","Pri. with Upper Pri. Sec. and H.Sec.","Co. Educational","Department of Education","1952","74.986455","27.491316","Operational","Rural","1.0","12.0","State Board","State Board","1.0","16.0","16.0","25.0","0.0","62.0","49.0","55.0","35.0","42.0","45.0","50.0","39.0","43.0","56.0","66.0","53.0","595.0","595.0"
"Gujarat","24","Ahmadabad","438","","None","Hathijan","Bagephirdosh","240712041","380050","BAGEPHIRDOSH","HIRAMANEK PRIMARY SCHOOL","24071204158","Primary with Upper Primary","Co. Educational","Private Unaided (Recognized)","2012","72.607778","23.0075","Operational","Urban","1.0","8.0","","","1.0","17.0","17.0","10.0","0.0","10.0","17.0","17.0","16.0","18.0","14.0","16.0","5.0","0.0","0.0","0.0","0.0","113.0","113.0"
"Maharashtra","27","Satara","494","Satara","4568","Atit","Landewadi","273110005","415519","","Z.P.PS. LANDEWADI","27311000501","Primary","Co. Educational","Local body","1956","74.099097","17.524145","Operational","Rural","1.0","4.0","","","0.0","2.0","1.0","1.0","0.0","3.0","1.0","6.0","2.0","0.0","0.0","0.0","0.0","0.0","0.0","0.0","0.0","12.0","12.0"
"Rajasthan","08","Bharatpur","091","Deeg","0612","Peeo1898- Gsss Badripur (217105)","Nagla Kokla","80703122","321203","","KANISHK GLOBAL ACADEMY , NAGALA KOKLA","8070312202","Primary with Upper Primary","Co. Educational","Private Unaided (Recognized)","2018","77.330984","27.533924","Operational","Rural","1.0","8.0","","","0.0","8.0","0.0","5.0","0.0","0.0","12.0","20.0","15.0","17.0","21.0","13.0","19.0","0.0","0.0","0.0","0.0","117.0","117.0"
"Chhattisgarh","22","Raipur","387","Dharsiwa","3700","Crc Mandhar Basti","Mandhar","221104086","","","GOVT PRIMARY SCHOOL MANDHAR BASTI","22110408615","Primary","Co. Educational","Department of Education","1889","81.7044","21.3478","Operational","Rural","1.0","5.0","","","0.0","2.0","1.0","2.0","0.0","3.0","10.0","9.0","6.0","7.0","0.0","0.0","0.0","0.0","0.0","0.0","0.0","35.0","35.0"
"Tamil Nadu","33","Chennai","568","Purasaiwalkkam","None","Cms Aminjikarai Cent-2","Ward 70","330205013","","WARD 70","TBM PRIMARY SCHOOL","33020501306","Primary","Co. Educational","Government Aided","1909","80.241581","13.095303","Operational","Urban","1.0","5.0","","","0.0","5.0","1.0","3.0","0.0","6.0","11.0","13.0","7.0","8.0","0.0","0.0","0.0","0.0","0.0","0.0","0.0","45.0","45.0"
"Maharashtra","27","Buldhana","472","Buldana","4339","Buldana (Np)","Buldana (N.P.)","270401087","443001","BULDANA (N.P.)","B MAHAVIR M P SCHOOL BULDANA","27040108717","Primary with Upper Primary","Co. Educational","Government Aided","1995","76.182564","20.525698","Operational","Urban","1.0","7.0","","","0.0","7.0","1.0","4.0","0.0","10.0","7.0","5.0","4.0","6.0","5.0","7.0","0.0","0.0","0.0","0.0","0.0","44.0","44.0"
"Maharashtra","27","Pune","490","Khed","4518","Kalus","Kalus","272508029","410501","","ZPPS BHOGADEWASTI KALUS","27250802912","Primary","Co. Educational","Local body","2002","73.927897","18.763273","Operational","Rural","1.0","4.0","","","0.0","2.0","0.0","2.0","0.0","5.0","7.0","5.0","7.0","0.0","0.0","0.0","0.0","0.0","0.0","0.0","0.0","24.0","24.0"
"Bihar","10","Gopalganj","197","Manjha","1764","M.S.Dharma Parasa","Bathua","101511001","841428","","HIGH SCHOOL UDANT RAI KE BANGRA","10151100107","Secondary with Higher Secondary","Co. Educational","Private Unaided (Recognized)","1980","84.45421","26.39387","Operational","Rural","9.0","12.0","State Board","State Board","0.0","18.0","0.0","9.0","0.0","0.0","0.0","0.0","0.0","0.0","0.0","0.0","0.0","775.0","752.0","638.0","601.0","2766.0","2766.0"
"Madhya Pradesh","23","Bhind","395","Gohad","3773","H.S.S Boys Gohad","Wardn.2 Gohad","230307245","474116","WARDN.2 GOHAD","PVT.NEW NEHA CONVENT PS/MS BARTHARA ROAD GOHAD","23030724505","Primary with Upper Primary","Co. Educational","Private Unaided (Recognized)","2017","78.834725","25.992212","Operational","Urban","1.0","8.0","","","0.0","9.0","2.0","5.0","15.0","7.0","14.0","16.0","22.0","16.0","11.0","23.0","19.0","0.0","0.0","0.0","0.0","128.0","143.0"
"Andhra Pradesh","28","East Godavari","505","","None","Gahs (G) Aminabada","Pakavelthi","281404027","","","GPS (TW) PAKAVELTHI","28140402701","Primary","Co. Educational","Tribal Welfare Department","1986","82.3113","17.5315","Operational","Rural","1.0","5.0","","","0.0","1.0","0.0","1.0","0.0","6.0","1.0","6.0","0.0","0.0","0.0","0.0","0.0","0.0","0.0","0.0","0.0","13.0","13.0"
"Madhya Pradesh","23","Singrauli","638","Chitrangi","4019","Hrs Gorbi","Gondwali","235001275","486892","","MS GONDWALI","23500127502","Primary with Upper Primary","Co. Educational","Department of Education","1956","82.50953","24.207093","Operational","Rural","1.0","8.0","","","0.0","3.0","0.0","8.0","0.0","38.0","37.0","38.0","36.0","30.0","50.0","45.0","65.0","0.0","0.0","0.0","0.0","339.0","339.0"
"Tamil Nadu","33","Kanniyakumari","575","Kurunthancode","6190","Gps-Aloor","Villukuri","333004006","","VILLUKURI","VINS SCHOOL OF EXCELLENCE-CHUNKANKADAI","33300400618","Pri. Upper Pri. and Secondary Only","Co. Educational","Private Unaided (Recognized)","2015","77.38315","8.20377","Operational","Rural","0.0","10.0","CBSE","","5.0","57.0","7.0","33.0","65.0","42.0","62.0","53.0","56.0","29.0","33.0","27.0","23.0","29.0","19.0","0.0","0.0","373.0","438.0"
"Uttar Pradesh","09","Firozabad","143","","None","Madhupur","Plia Risali","94704075","224001","","BHANU PRATAP VERMA SMARAK PMV","9470407503","Upper Primary only","Co. Educational","Private Unaided (Recognized)","2005","82.278611","27.144167","Operational","Rural","6.0","8.0","","","8.0","5.0","0.0","4.0","0.0","0.0","0.0","0.0","0.0","0.0","41.0","68.0","74.0","0.0","0.0","0.0","0.0","183.0","183.0"
"Maharashtra","27","Bid","None","Ambajogai","None","Ravivar Peth","Ambajogai","272701016","431517","AMBAJOGAI","YOGESHWARI JR COLLEGE AMBAJOGAI","27270101680","Higher Secondary only/Jr. College","Co. Educational","Government Aided","1956","76.403967","18.734505","Operational","Urban","11.0","12.0","","State Board","2.0","24.0","24.0","34.0","0.0","0.0","0.0","0.0","0.0","0.0","0.0","0.0","0.0","0.0","0.0","789.0","534.0","1323.0","1323.0"
"Himachal Pradesh","02","Bilaspur","015","","None","Swarghat","Majher","20802129","174011","","GPS KATHLA","2080212901","Primary","Co. Educational","Department of Education","1962","76.707629","31.254521","Operational","Rural","0.0","5.0","","","0.0","2.0","0.0","2.0","9.0","7.0","8.0","8.0","9.0","11.0","0.0","0.0","0.0","0.0","0.0","0.0","0.0","43.0","52.0"
"Tamil Nadu","33","Cuddalore","570","Cuddalore","6121","Periyakanganankuppam","Nanamedu","331801027","","","PANCHAYAT UNION PRIMARY SCHOOL - NANAMEDU","33180102701","Primary","Co. Educational","Department of Education","1938","79.781148","11.77917","Operational","Rural","1.0","5.0","","","0.0","2.0","0.0","3.0","0.0","3.0","2.0","7.0","12.0","5.0","0.0","0.0","0.0","0.0","0.0","0.0","0.0","29.0","29.0"
"Uttar Pradesh","09","Mahoba","165","Charkhari","1356","Kharela Dehat","Tikari","93901063","210425","","J.H.S.TIKARI","9390106302","Upper Primary only","Co. Educational","Department of Education","2004","79.618566","25.570424","Operational","Rural","6.0","8.0","","","0.0","3.0","0.0","1.0","0.0","0.0","0.0","0.0","0.0","0.0","21.0","24.0","15.0","0.0","0.0","0.0","0.0","60.0","60.0"
"Uttar Pradesh","09","Ghazipur","146","Sadat","1148","Sadat","Daulatnagar","96516003","","","SUNBEEM WORLD SCHOOL, DAULATNAGAR","9651600308","Pri. Upper Pri. and Secondary Only","Co. Educational","Private Unaided (Recognized)","2016","83.295812","25.674054","Operational","Rural","1.0","10.0","CBSE","","0.0","18.0","18.0","15.0","0.0","29.0","34.0","28.0","34.0","25.0","29.0","29.0","35.0","76.0","52.0","0.0","0.0","371.0","371.0"
"Maharashtra","27","Nandurbar","486","Taloda","4478","Rajvihir","Ranmahu","270104012","425413","","Z. P.  PRIMARY SCHOOL - RANMAHU","27010401201","Primary","Co. Educational","Local body","1997","74.182349","21.608876","Operational","Rural","1.0","4.0","","","0.0","3.0","0.0","3.0","0.0","15.0","20.0","16.0","19.0","0.0","0.0","0.0","0.0","0.0","0.0","0.0","0.0","70.0","70.0"
"Madhya Pradesh","23","Jabalpur","411","Panagar","3869","Govt. H.S.S. Singoud","Jhirmili","233904006","483220","","GOVT. PRY SCHOOL  JHIRMILI","23390400601","Primary","Co. Educational","Department of Education","1993","79.92814","23.36814","Operational","Rural","1.0","5.0","","","0.0","2.0","0.0","2.0","0.0","1.0","3.0","2.0","3.0","2.0","0.0","0.0","0.0","0.0","0.0","0.0","0.0","11.0","11.0"
"Maharashtra","27","Gadchiroli","475","Mulchera","4381","Mulchera","Devnagar","271209071","442707","","ZILLA PRISHAD PRIMARY SCHOOL, DEVNAGAR","27120907101","Primary","Co. Educational","Local body","2009","80.004457","19.620702","Operational","Rural","1.0","4.0","","","0.0","2.0","0.0","2.0","0.0","4.0","3.0","10.0","2.0","0.0","0.0","0.0","0.0","0.0","0.0","0.0","0.0","19.0","19.0"
"Karnataka","29","Dakshina Kannada","534","","None","Huhakuvakallu","Balepuni","292401010","","","SHARADA GANAPATHI  HIGH SCHOOL KAIRANAGALA","29240101007","Secondary Only","Co. Educational","Private Unaided (Recognized)","2016","74.957222","12.788611","Operational","Rural","1.0","10.0","State Board","","0.0","15.0","6.0","13.0","85.0","80.0","48.0","90.0","82.0","76.0","71.0","48.0","77.0","68.0","66.0","0.0","0.0","706.0","791.0"
"Madhya Pradesh","23","Chhatarpur","398","Bijawar","3783","Hss (Girls) Bijawar","Bijawar","230903002","471405","BIJAWAR","MAA MANSHAPURAN SHIKSHA NIKETAN BIJAWAR","23090300221","Primary with Upper Primary","Co. Educational","Private Unaided (Recognized)","2004","79.495023","24.630681","Operational","Urban","1.0","8.0","","","0.0","10.0","0.0","11.0","20.0","23.0","34.0","24.0","7.0","21.0","28.0","27.0","24.0","0.0","0.0","0.0","0.0","188.0","208.0"
"Uttar Pradesh","09","Kanpur Nagar","157","","None","Crc Govind Nagar","Kidwai Nagar North","93421014","208011","KIDWAI NAGAR NORTH","SRI KIDWAI VID. INTER COLLEGE","9341600150","Pri. with Upper Pri. Sec. and H.Sec.","Co. Educational","Government Aided","1964","80.319036","26.492326","Operational","Urban","1.0","12.0","State Board","State Board","0.0","10.0","5.0","8.0","0.0","2.0","2.0","5.0","4.0","3.0","4.0","7.0","7.0","8.0","13.0","6.0","1.0","62.0","62.0"
"Madhya Pradesh","23","Gwalior","407","Bhitarwar","3848","Ghs Kachhua","Rajaua.","230402120","475001","","GPS RAJAUA","23040212001","Primary","Co. Educational","Department of Education","1984","78.135891","26.015346","Operational","Rural","1.0","5.0","","","0.0","3.0","0.0","2.0","0.0","6.0","6.0","2.0","5.0","9.0","0.0","0.0","0.0","0.0","0.0","0.0","0.0","28.0","28.0"
"Uttar Pradesh","09","Jyotiba Phule Nagar (Amroha)","None","Joya","None","Rajab Pur","Rajab Pur","90621032","244236","","A S M JHS JAGUA KHURD","9062103214","Upper Primary only","Co. Educational","Private Unaided (Recognized)","1998","78.392611","28.79976","Operational","Rural","6.0","8.0","","","0.0","8.0","0.0","3.0","0.0","0.0","0.0","0.0","0.0","0.0","19.0","26.0","21.0","0.0","0.0","0.0","0.0","66.0","66.0"
"Gujarat","24","Dohad","445","Sanjeli","7132","Hirola","Hirola","241808158","389175","","TALAGAM VARG HIROLA PRA.SHALA","24180815806","Primary with Upper Primary","Co. Educational","Local body","1999","74.077599","23.051873","Operational","Rural","1.0","8.0","","","0.0","7.0","0.0","9.0","0.0","28.0","26.0","23.0","27.0","32.0","25.0","36.0","30.0","0.0","0.0","0.0","0.0","227.0","227.0"
"Assam","18","Karbi Anglong","292","Lumbajong","2621","Borjan","Mohongdichuua","181905039","782461","","MOHENDIJUA GOVT. ME SCHOOL","18190503902","Upper Primary only","Co. Educational","Department of Education","1940","93.410033","25.996167","Operational","Rural","6.0","8.0","","","0.0","8.0","2.0","8.0","0.0","0.0","0.0","0.0","0.0","0.0","27.0","31.0","17.0","0.0","0.0","0.0","0.0","75.0","75.0"
"Assam","18","Sonitpur","301","Balipara","2703","Rangajan 1","Khanamukh","181103130","784101","","KHANAMUKH HS","18110313003","Pri. Upper Pri. and Secondary Only","Co. Educational","Department of Education","1976","92.388017","26.85385","Operational","Rural","1.0","10.0","State Board","","0.0","16.0","6.0","30.0","0.0","37.0","55.0","44.0","53.0","31.0","152.0","146.0","132.0","191.0","186.0","0.0","0.0","1027.0","1027.0"
"Madhya Pradesh","23","Anuppur","390","","None","Hss Bhejari","Umaniya","234711088","484886","","GOVT. HS UMANIYA","23471108803","Secondary with Higher Secondary","Co. Educational","Tribal Welfare Department","2008","81.662676","22.858381","Operational","Rural","9.0","12.0","State Board","State Board","0.0","10.0","0.0","4.0","0.0","0.0","0.0","0.0","0.0","0.0","0.0","0.0","0.0","47.0","41.0","19.0","35.0","142.0","142.0"
"Assam","18","Sivasagar","300","Demow","2694","Pachim Panidihing- B","Samu Guri","181602151","785671","","SUMONI MIRI GOVT JR BASIC SCHO","18160215102","Primary","Co. Educational","Department of Education","1939","94.6939","27.200367","Operational","Rural","1.0","5.0","","","0.0","3.0","3.0","2.0","0.0","14.0","13.0","6.0","7.0","10.0","0.0","0.0","0.0","0.0","0.0","0.0","0.0","50.0","50.0"
"Kerala","32","Malappuram","562","","None","Gups Pulloor","Manjeri","320506006","676123","MANJERI","GMUPS MELAKKAM","32050600603","Primary with Upper Primary","Co. Educational","Department of Education","1955","76.117","11.128","Operational","Urban","0.0","7.0","","","0.0","13.0","1.0","13.0","28.0","27.0","23.0","29.0","40.0","38.0","17.0","23.0","0.0","0.0","0.0","0.0","0.0","197.0","225.0"
"Telangana","36","Sangareddy","691","Sangareddy","5302","Ghs New Sangareddy","Ismailkhanpet","361619007","","","VIVEKANANDA PUBLIC SCHOOL","36161900708","Primary with Upper Primary","Co. Educational","Private Unaided (Recognized)","1999","78.157717","17.62745","Operational","Rural","1.0","7.0","","","0.0","14.0","2.0","8.0","0.0","0.0","13.0","14.0","12.0","10.0","7.0","7.0","0.0","0.0","0.0","0.0","0.0","63.0","63.0"
"Assam","18","Golaghat","288","","None","Phulbari","Purajanghal Gaon","181802077","785613","","JOYPUR PURAJANGHAL LPS","18180207701","Primary","Co. Educational","Department of Education","1971","93.844083","26.49275","Operational","Rural","1.0","5.0","","","0.0","3.0","0.0","3.0","15.0","21.0","21.0","21.0","15.0","15.0","0.0","0.0","0.0","0.0","0.0","0.0","0.0","93.0","108.0"
"Telangana","36","Vikarabad","698","Tandur","5539","Ghs Girls Tandur U/M","Chengole","362414022","","","ZPHS CHENGOLE","36241402203","Upper Pri. and Secondary","Co. Educational","Local body","2000","77.572803","17.296485","Operational","Rural","6.0","10.0","State Board","","0.0","10.0","3.0","13.0","0.0","0.0","0.0","0.0","0.0","0.0","71.0","75.0","53.0","86.0","85.0","0.0","0.0","370.0","370.0"
"Tamil Nadu","33","Tirunelveli","592","Valliyoor","6401","Ghs Pazhavoor","Perunkudi","332918006","","","ST THRESA HSS VADAKANKULAM","33291800617","Upper Pri. Secondary and Higher Sec","Co. Educational","Government Aided","1930","77.60605","8.25921","Operational","Rural","6.0","12.0","State Board","State Board","1.0","21.0","4.0","30.0","0.0","0.0","0.0","0.0","0.0","0.0","47.0","57.0","59.0","99.0","112.0","149.0","121.0","644.0","644.0"
"Arunachal Pradesh","12","West Kameng","242","","None","Jamiri","Hemoibung","120205020","790116","","GOVT.PRY.SCHOOL HEMOIBUNG","12020502001","Primary","Co. Educational","Department of Education","2006","92.511944","27.213889","Operational","Rural","1.0","5.0","","","0.0","6.0","0.0","1.0","0.0","1.0","0.0","1.0","1.0","4.0","0.0","0.0","0.0","0.0","0.0","0.0","0.0","7.0","7.0"
"Kerala","32","Thiruvananthapuram","565","","None","Panniyodu","Veeranacavu","321404006","695543","","LMSUPS URIYACODU","32140400607","Upper Primary only","Co. Educational","Government Aided","1917","77.086665","8.536883","Operational","Rural","5.0","7.0","","","0.0","7.0","0.0","7.0","0.0","0.0","0.0","0.0","0.0","27.0","39.0","33.0","0.0","0.0","0.0","0.0","0.0","99.0","99.0"
"Uttar Pradesh","09","Allahabad","None","Nagar Chhetra","None","Mera Pur","Meera Pur..","94522014","211003","MEERA PUR..","PS MEERA PUR","9452201402","Primary","Co. Educational","Department of Education","1970","81.82879","25.42591","Operational","Urban","1.0","5.0","","","0.0","1.0","0.0","2.0","0.0","10.0","12.0","24.0","16.0","10.0","0.0","0.0","0.0","0.0","0.0","0.0","0.0","72.0","72.0"
"Jharkhand","20","Deoghar","324","Sarath","3088","M.S Karaihiya","Heth Karahiya","200705156","814149","","UPG .P.S. HETH KARAHIYA","20070515601","Primary","Co. Educational","Department of Education","2003","86.862139","24.290111","Operational","Rural","1.0","5.0","","","0.0","4.0","0.0","2.0","0.0","12.0","14.0","14.0","15.0","13.0","0.0","0.0","0.0","0.0","0.0","0.0","0.0","68.0","68.0"
"Uttar Pradesh","09","Mathura","167","","None","Magorra","Magorra","91403064","281001","","MAA MOHANI MANSA DEVI P.S. MAGORRA","9140306415","Primary","Co. Educational","Private Unaided (Recognized)","2006","77.780556","27.765278","Operational","Rural","1.0","5.0","","","10.0","6.0","4.0","5.0","0.0","27.0","24.0","28.0","25.0","29.0","0.0","0.0","0.0","0.0","0.0","0.0","0.0","133.0","133.0"
"Tamil Nadu","33","Coimbatore","569","","None","Pups Solayar I","Anaimalai Kunrugal (Valparai)","331214001","","ANAIMALAI KUNRUGAL (VALPARAI)","APS MUKKOTTUMUDI","33121400166","Primary","Co. Educational","Government Aided","1957","76.91904","10.26753","Operational","Urban","1.0","5.0","","","0.0","2.0","0.0","2.0","0.0","5.0","6.0","3.0","2.0","4.0","0.0","0.0","0.0","0.0","0.0","0.0","0.0","20.0","20.0"
"Jammu and Kashmir","01","Punch","None","Surankote","None","Lassana","Nerian","11112023","185121","","MS JABBRI NERHIAN","1111202303","Primary with Upper Primary","Co. Educational","Department of Education","1991","74.2425","33.7431","Operational","Rural","1.0","8.0","","","0.0","4.0","1.0","4.0","0.0","13.0","9.0","9.0","12.0","9.0","15.0","22.0","15.0","0.0","0.0","0.0","0.0","104.0","104.0"
"Tamil Nadu","33","Tiruvannamalai","593","Pernamallur","6411","Anaibogi","Erumbur","330604016","","","PUPS ERUMBUR","33060401602","Primary","Co. Educational","Department of Education","1958","79.53063","12.53849","Operational","Rural","1.0","5.0","","","0.0","2.0","0.0","1.0","0.0","6.0","4.0","1.0","6.0","3.0","0.0","0.0","0.0","0.0","0.0","0.0","0.0","20.0","20.0"
"Maharashtra","27","Washim","499","Washim","4617","Kekatumara","Aanjankheda","270606057","444505","","ZPPS AANJANKHEDA","27060605701","Primary","Co. Educational","Local body","1966","77.13438","20.050663","Operational","Rural","1.0","5.0","","","0.0","3.0","0.0","2.0","0.0","12.0","4.0","15.0","11.0","0.0","0.0","0.0","0.0","0.0","0.0","0.0","0.0","42.0","42.0"
"Tripura","16","Unakoti","655","Pecharthal","2422","Ramguna C.P. Hs School.","Uttar Machmara","160808013","799263","","DHANICHERRA  SR. B. SCHOOL.","16080801301","Primary with Upper Primary","Co. Educational","Department of Education","1961","92.10961","24.12255","Operational","Rural","1.0","8.0","","","0.0","8.0","3.0","6.0","0.0","11.0","16.0","7.0","4.0","15.0","13.0","18.0","8.0","0.0","0.0","0.0","0.0","92.0","92.0"
"Haryana","06","Karnal","067","Karnal","0514","Gsss Sheikhpura Sohana","Sheikhpura Sohana","60604097","132001","","GPS SHEIKHPURA SOHANA","6060409701","Primary","Co. Educational","Department of Education","1954","77.030867","29.658167","Operational","Rural","1.0","5.0","","","0.0","7.0","1.0","6.0","0.0","16.0","16.0","25.0","50.0","24.0","0.0","0.0","0.0","0.0","0.0","0.0","0.0","131.0","131.0"
"Uttar Pradesh","09","Sant Kabeer Nagar","178","","None","Semariyanva","Tenuhari Avval","95617163","272175","","PT RAM KOMAL RANJEET TRIPATHI COLLEGE TENUHARI AVVAL","9561716301","Upper Pri. and Secondary","Co. Educational","Private Unaided (Recognized)","2013","82.999525","26.763649","Operational","Rural","6.0","10.0","State Board","","0.0","11.0","11.0","13.0","0.0","0.0","0.0","0.0","0.0","0.0","49.0","49.0","40.0","49.0","18.0","0.0","0.0","205.0","205.0"
"Rajasthan","08","Udaipur","117","Mavli","0800","Uceeo10225- Gsss Fatehnagar Near Roadways Bus Stand Ward No 19 (223141)","Np_Fateh_San Ward No. 15","82603156","313205","NP_FATEHNAGAR - Ward No.- 15","SHIV SHAKTI PUBLIC SCHOOL","8260315605","Pri. Upper Pri. and Secondary Only","Co. Educational","Private Unaided (Recognized)","2010","74.094624","24.810903","Operational","Urban","0.0","10.0","State Board","","1.0","14.0","4.0","12.0","55.0","25.0","21.0","18.0","20.0","25.0","15.0","4.0","5.0","8.0","10.0","0.0","0.0","151.0","206.0"
"Assam","18","Karimganj","293","","None","Kalkalighat","Kurthacherra","182203299","788725","","RAMKISHUN GOALA VLP SCHOOL","18220329902","Primary","Co. Educational","Unrecognized","1982","92.2632","24.5621","Operational","Rural","1.0","5.0","","","0.0","1.0","1.0","3.0","0.0","14.0","5.0","5.0","4.0","6.0","0.0","0.0","0.0","0.0","0.0","0.0","0.0","34.0","34.0"
"Gujarat","24","Anand","440","Khambhat","4074","Gavara Taluka Shala","Khambhat","241504022","388620","KHAMBHAT","BAVA BAJISA  PRIMARY SCHOOL","24150402229","Primary","Co. Educational","Local body","1995","72.631879","22.319249","Operational","Urban","1.0","5.0","","","0.0","3.0","0.0","2.0","0.0","4.0","8.0","11.0","19.0","13.0","0.0","0.0","0.0","0.0","0.0","0.0","0.0","55.0","55.0"
"Uttar Pradesh","09","Ballia","126","Belhari","0910","Belhari","Belahari","96315030","277403","","CAMBRIDGE CONVENT SCHOOL","9631503004","Primary","Co. Educational","Private Unaided (Recognized)","2018","84.344442","25.770147","Operational","Rural","1.0","5.0","","","0.0","5.0","3.0","6.0","0.0","27.0","36.0","33.0","31.0","25.0","0.0","0.0","0.0","0.0","0.0","0.0","0.0","152.0","152.0"
"Madhya Pradesh","23","Mandla","415","Narayanganj","3907","Hss Mangalganj (23421307205)","Kondra Mal","234213072","481662","","PS(EGS) BAJRANG TOLA KONDRA","23421307204","Primary","Co. Educational","Tribal Welfare Department","1997","80.29997","22.736944","Operational","Rural","1.0","5.0","","","0.0","3.0","0.0","2.0","0.0","3.0","2.0","4.0","2.0","3.0","0.0","0.0","0.0","0.0","0.0","0.0","0.0","14.0","14.0"
"Rajasthan","08","Karauli","108","","None","Peeo6975- Gsss Chandelipura (212705)","Gopalpur","80906072","322251","","GPS KHADDAR PURA","8090607201","Primary","Co. Educational","Local body","2007","77.251622","26.324347","Operational","Rural","1.0","5.0","","","0.0","3.0","3.0","1.0","0.0","0.0","0.0","0.0","3.0","3.0","0.0","0.0","0.0","0.0","0.0","0.0","0.0","6.0","6.0"
"Telangana","36","Medak","513","Shivampet","5305","Zphs Shivampet","Shivampet","361717016","","","MPPS SHIVAMPET","36171701602","Primary","Co. Educational","Local body","1959","78.370731","17.788962","Operational","Rural","1.0","5.0","","","0.0","3.0","2.0","4.0","0.0","13.0","18.0","6.0","30.0","28.0","0.0","0.0","0.0","0.0","0.0","0.0","0.0","95.0","95.0"
"Jharkhand","20","Deoghar","324","Sonaraithari","6623","M.S Sonaraithari","Sonaray Tadhi","200710043","814150","","DIVINE MOTHER PUBLIC SCHOOL","20071004305","Primary with Upper Primary","Co. Educational","Unrecognized","2016","86.908406","24.353845","Operational","Rural","1.0","8.0","","","0.0","8.0","1.0","5.0","0.0","110.0","182.0","21.0","10.0","1.0","9.0","7.0","0.0","0.0","0.0","0.0","0.0","340.0","340.0"
"Bihar","10","Rohtas","215","Sasaram","2025","Urdu M S Shah Jalalpir","Ward No-21","103201278","821115","WARD NO-21","GYAN KUNJ PUBLIC SCHOOL","10320127801","Primary with Upper Primary","Co. Educational","Private Unaided (Recognized)","2005","83.99241","24.95507","Operational","Urban","0.0","8.0","","","0.0","14.0","2.0","15.0","69.0","118.0","38.0","29.0","32.0","31.0","22.0","19.0","27.0","0.0","0.0","0.0","0.0","316.0","385.0"
"Karnataka","29","Shivamogga","547","Sorab","5903","Hurali","Hurali","291506060","","","SRI MARUTHI RURAL HIGH SCHOOL HURALI","29150606002","Secondary Only","Co. Educational","Private Unaided (Recognized)","1993","75.179167","14.578611","Operational","Rural","8.0","10.0","State Board","","0.0","4.0","2.0","6.0","0.0","0.0","0.0","0.0","0.0","0.0","0.0","0.0","25.0","29.0","26.0","0.0","0.0","80.0","80.0"
"Uttar Pradesh","09","Meerut","169","Machra","1392","Mahal Wala","Bhagwanpur","90710032","250104","","COMPOSITE SCHOOL BHAGWANPUR","9071003202","Primary with Upper Primary","Co. Educational","Department of Education","2001","77.571665","28.541182","Operational","Rural","1.0","8.0","","","0.0","7.0","0.0","4.0","0.0","13.0","13.0","11.0","9.0","6.0","3.0","13.0","5.0","0.0","0.0","0.0","0.0","73.0","73.0"
"Bihar","10","Supaul","223","Supaul","2135","M/S Amha Chaughara","Hardi West","100610072","852108","","U/M/S  JIVACHHPUR  BOYS","10061007205","Primary with Upper Primary","Co. Educational","Department of Education","1955","86.7064","26.0629","Operational","Rural","1.0","8.0","","","0.0","5.0","0.0","7.0","0.0","37.0","35.0","39.0","23.0","29.0","40.0","63.0","47.0","0.0","0.0","0.0","0.0","313.0","313.0"
"Tamil Nadu","33","Kanchipuram","574","","None","Pups, Valuuvapakkam","Vaiyavur","330311015","","","PUPS MALAIVAIYAVOOR","33031101502","Primary","Co. Educational","Department of Education","1966","79.894595","12.596308","Operational","Rural","1.0","5.0","","","0.0","5.0","0.0","2.0","0.0","20.0","17.0","26.0","21.0","24.0","0.0","0.0","0.0","0.0","0.0","0.0","0.0","108.0","108.0"
"Uttar Pradesh","09","Gautam Buddha Nagar","144","","None","Chipiyana Bujurg","Roja Jalalpur","91001009","203207","","SHRI CHANDU LAL SCHOOL","9100100905","Primary","Co. Educational","Private Unaided (Recognized)","2003","77.4724","28.59356","Operational","Rural","1.0","5.0","","","0.0","9.0","0.0","8.0","0.0","64.0","33.0","48.0","25.0","30.0","0.0","0.0","0.0","0.0","0.0","0.0","0.0","200.0","200.0"
"Maharashtra","27","Sindhudurg","495","Malvan","4574","Poip","Chunaware","273305079","416608","","ZPPS CHUNAWARE NO.1","27330507901","Primary with Upper Primary","Co. Educational","Local body","1936","73.574507","16.203715","Operational","Rural","1.0","7.0","","","0.0","3.0","1.0","3.0","0.0","0.0","1.0","1.0","1.0","1.0","3.0","1.0","0.0","0.0","0.0","0.0","0.0","8.0","8.0"
"Assam","18","Sonitpur","301","Naduar","2711","Murhadol","Bakola","181104010","784181","","MAJGAON LPS","18110401001","Primary","Co. Educational","Department of Education","1938","93.11655","26.734867","Operational","Rural","1.0","5.0","","","0.0","5.0","0.0","3.0","0.0","6.0","6.0","6.0","11.0","6.0","0.0","0.0","0.0","0.0","0.0","0.0","0.0","35.0","35.0"
"Uttar Pradesh","09","Sitapur","183","Machhrehta","1558","Parsada","Kanduvapur","92409102","261401","","RAMRANI BALIKA VIDYALAYA KANDUWAPUR","9240910204","Primary","Co. Educational","Private Unaided (Recognized)","2005","80.65679","27.47336","Operational","Rural","1.0","5.0","","","0.0","3.0","0.0","5.0","0.0","20.0","18.0","22.0","20.0","20.0","0.0","0.0","0.0","0.0","0.0","0.0","0.0","100.0","100.0"
"Andhra Pradesh","28","Kurnool","511","Adoni","5149","Zphs Pedda Harivaram","Madire","282123008","","","MPPS MADIRE-III","28212300801","Primary","Co. Educational","Local body","1924","77.2549","15.6109","Operational","Rural","1.0","5.0","","","0.0","5.0","0.0","4.0","0.0","28.0","40.0","29.0","29.0","30.0","0.0","0.0","0.0","0.0","0.0","0.0","0.0","156.0","156.0"
"Maharashtra","27","Raigarh (Maharashtra)","None","Mahad","None","Pachad","Gherakilla Raigad (Raigadwadi)","272404014","402305","","R.Z.P. PRI. SHCOOL RAIGAD WADI","27240401401","Primary","Co. Educational","Local body","1956","73.435653","18.229641","Operational","Rural","1.0","4.0","","","0.0","2.0","0.0","2.0","0.0","1.0","3.0","0.0","2.0","0.0","0.0","0.0","0.0","0.0","0.0","0.0","0.0","6.0","6.0"
"Uttar Pradesh","09","Bijnor","132","","None","Bairmabad Gadi","Chak Govardhan Pur","90303017","246733","","P.S. CHACKGOVERDHAN","9030301701","Primary","Co. Educational","Department of Education","1958","78.388614","29.307481","Operational","Rural","1.0","5.0","","","0.0","3.0","0.0","2.0","0.0","14.0","25.0","24.0","21.0","19.0","0.0","0.0","0.0","0.0","0.0","0.0","0.0","103.0","103.0"
"West Bengal","19","Paschim Medinipur","None","Salboni","None","Satpati Pry Crc","Satapati-8","192006082","","","PARU-AYMA SSK","19200608203","Primary","Co. Educational","Department of Education","2002","87.1725","22.5044","Operational","Rural","1.0","4.0","","","0.0","2.0","1.0","1.0","1.0","1.0","8.0","0.0","0.0","0.0","0.0","0.0","0.0","0.0","0.0","0.0","0.0","9.0","10.0"
"Kerala","32","Kottayam","560","","None","Kallara","Kallara","321009004","686611","","SKV GUPS PERUMTHURUTHU","32100900405","Primary with Upper Primary","Co. Educational","Department of Education","1939","76.474042","9.690951","Operational","Rural","0.0","7.0","","","0.0","9.0","1.0","6.0","21.0","11.0","12.0","9.0","12.0","21.0","17.0","25.0","0.0","0.0","0.0","0.0","0.0","107.0","128.0"
"Chhattisgarh","22","Bilaspur","375","Kota","3607","Chapora","Chapora","220711094","","","GOVT. HR. SEC. SCHOOL CHAPORA","22071109405","Secondary with Higher Secondary","Co. Educational","Department of Education","1985","82.1261","22.3728","Operational","Rural","9.0","12.0","State Board","State Board","0.0","8.0","10.0","16.0","0.0","0.0","0.0","0.0","0.0","0.0","0.0","0.0","0.0","122.0","122.0","123.0","96.0","463.0","463.0"
"Haryana","06","Sirsa","074","Dabwali","0547","Ggsss Dabwali","Alikan (60530)","61102003","125104","","GMS ALIKAN","6110200302","Upper Primary only","Co. Educational","Department of Education","1952","74.726081","29.930804","Operational","Rural","6.0","8.0","","","0.0","4.0","4.0","6.0","0.0","0.0","0.0","0.0","0.0","0.0","49.0","29.0","30.0","0.0","0.0","0.0","0.0","108.0","108.0"
"Uttar Pradesh","09","Maharajganj","164","Partawal","1353","Mangalpur","Natwa Jangal","95705029","272006","","PS NAGABARI","9570502908","Primary","Co. Educational","Department of Education","2013","83.487548","26.944806","Operational","Rural","1.0","5.0","","","0.0","2.0","0.0","4.0","0.0","26.0","22.0","11.0","15.0","11.0","0.0","0.0","0.0","0.0","0.0","0.0","0.0","85.0","85.0"
"Chhattisgarh","22","Durg","378","Durg","3635","Camp1 Bhilai","Camp-1  Bhilai","221007160","","CAMP-1  BHILAI","AMAN PUBLIC SCHOOL","22100716013","Primary with Upper Primary","Co. Educational","Private Unaided (Recognized)","2003","81.3681","21.2097","Operational","Urban","1.0","8.0","","","0.0","8.0","2.0","11.0","16.0","11.0","29.0","26.0","25.0","21.0","23.0","17.0","20.0","0.0","0.0","0.0","0.0","172.0","188.0"
"Rajasthan","08","Dausa","097","Lawan","6823","Peeo3752- Gsss Baniyana (218038)","Baniyana","81106007","303303","","J.D. PUBLIC SCHOOL BANIYANA","8110600710","Primary with Upper Primary","Co. Educational","Private Unaided (Recognized)","2015","76.299371","26.812434","Operational","Rural","1.0","8.0","","","0.0","10.0","10.0","6.0","78.0","16.0","14.0","15.0","23.0","12.0","15.0","6.0","8.0","0.0","0.0","0.0","0.0","109.0","187.0"
"West Bengal","19","Kolkata","315","Kolkata Municipal Corporation","None","Victoria Institution(Pry)","Ward-37","191701040","","WARD-37","ADARSHA VIDYAMANDIR (BOYS)","19170104019","Upper Pri. Secondary and Higher Sec","Boys Only","Department of Education","1948","88.37018","22.57159","Operational","Urban","5.0","12.0","State Board","State Board","0.0","18.0","12.0","16.0","0.0","0.0","0.0","0.0","0.0","5.0","17.0","16.0","13.0","15.0","14.0","27.0","50.0","157.0","157.0"
"Jammu and Kashmir","01","Punch","None","Mankote","None","Hs Sagra","Sagra","11106006","185211","","PS LAMBI DAB","1110600611","Primary","Co. Educational","Department of Education","2008","74.029082","33.652828","Operational","Rural","1.0","5.0","","","0.0","2.0","1.0","2.0","0.0","2.0","4.0","4.0","3.0","4.0","0.0","0.0","0.0","0.0","0.0","0.0","0.0","17.0","17.0"
"West Bengal","19","Murshidabad","319","","None","Kamalakanta Girls","Ward No - 8","190729008","","WARD NO - 8","NUTAN BAZAR S.S.K.-I","19072900808","Primary","Co. Educational","Local body","2012","87.9438","24.66","Operational","Urban","1.0","4.0","","","0.0","1.0","0.0","4.0","13.0","15.0","32.0","24.0","24.0","0.0","0.0","0.0","0.0","0.0","0.0","0.0","0.0","95.0","108.0"
"West Bengal","19","Hooghly","312","Sirampur-Uttarpara","2903","Rishra","Rishra-Ii","191213073","","","ANILA DEBI PRY. SCHOOL","19121307302","Primary","Co. Educational","Department of Education","1972","88.29467","22.71925","Operational","Rural","1.0","5.0","","","0.0","6.0","1.0","9.0","27.0","18.0","27.0","30.0","32.0","0.0","0.0","0.0","0.0","0.0","0.0","0.0","0.0","107.0","134.0"
"Uttar Pradesh","09","Ghazipur","146","Sadat","1148","Pipnar","Ukaraw*","96516030","275204","","A.S. INTER COLLEGE","9651603004","Upper Pri. Secondary and Higher Sec","Co. Educational","Private Unaided (Recognized)","2000","83.259657","25.933423","Operational","Rural","6.0","12.0","State Board","State Board","0.0","10.0","8.0","10.0","0.0","0.0","0.0","0.0","0.0","0.0","27.0","21.0","30.0","31.0","28.0","26.0","33.0","196.0","196.0"
"Jammu and Kashmir","01","Reasi","627","Chassana","6945","Ms Kunderdhan","Chassana","12103005","185233","","PS KOTE CHASSANA","1210300511","Primary","Co. Educational","Department of Education","2008","74.6822","33.3674","Operational","Rural","1.0","5.0","","","0.0","1.0","0.0","1.0","0.0","1.0","0.0","2.0","0.0","2.0","0.0","0.0","0.0","0.0","0.0","0.0","0.0","5.0","5.0"
"Rajasthan","08","Jaipur","102","Shahpura","0695","Uceeo10066- Gsss Shahpura (218421)","Np_Shahpura_Ward No 21","81203089","302012","NP_SHAHPURA (JAIPUR) - Ward No.- 21","MAHARAJA SURAJMAL PUBLIC SEN SEC","8120308901","Pri. with Upper Pri. Sec. and H.Sec.","Co. Educational","Private Unaided (Recognized)","2002","75.976994","27.401181","Operational","Urban","1.0","12.0","State Board","State Board","0.0","15.0","15.0","1.0","0.0","0.0","0.0","0.0","0.0","0.0","0.0","0.0","0.0","0.0","0.0","0.0","0.0","0.0","0.0"
"Telangana","36","Hyderabad","507","Amberpet","4980","Gbhs Old Malakpet","Hyderabad M.Corporation-2","362204907","","HYDERABAD M.CORPORATION-2","SANA HIGH SCHOOL BAPUNAGA, BAPUNAGAR","36220490711","Pri. Upper Pri. and Secondary Only","Co. Educational","Private Unaided (Recognized)","1991","78.524463","17.392021","Operational","Urban","1.0","10.0","State Board","","1.0","13.0","4.0","8.0","12.0","11.0","4.0","20.0","5.0","18.0","26.0","17.0","21.0","23.0","29.0","0.0","0.0","174.0","186.0"
"Uttar Pradesh","09","Shravasti","181","Gilaula","1532","Ratnapur","Chandarkha Bujurg","95101085","","","R C PUBLIC SCHOOL","9510108503","Primary","Co. Educational","Private Unaided (Recognized)","2017","81.70637","27.683287","Operational","Rural","1.0","5.0","","","0.0","6.0","2.0","6.0","0.0","41.0","54.0","60.0","75.0","46.0","0.0","0.0","0.0","0.0","0.0","0.0","0.0","276.0","276.0"
"Madhya Pradesh","23","Dhar","403","","None","Hss Singhana","Anjaniya","232508006","454446","","P.S.ANJANIYA","23250800601","Primary","Co. Educational","Tribal Welfare Department","1978","74.976108","22.217996","Operational","Rural","1.0","5.0","","","0.0","5.0","0.0","3.0","0.0","5.0","4.0","4.0","4.0","4.0","0.0","0.0","0.0","0.0","0.0","0.0","0.0","21.0","21.0"
"Madhya Pradesh","23","Dindori","404","Mehandwani","3833","Govt.Hss Kathotiya23411502312","Kathotia","234115023","481672","","UPS  MUKADDAM TOLA","23411502308","Primary","Co. Educational","Tribal Welfare Department","1998","80.679296","22.878378","Operational","Rural","1.0","5.0","","","0.0","3.0","0.0","4.0","0.0","8.0","7.0","10.0","11.0","10.0","0.0","0.0","0.0","0.0","0.0","0.0","0.0","46.0","46.0"
"Gujarat","24","Valsad","462","Dharampur","4269","Sadadpada","Tanchhiya","242504089","396051","","TANCHHIYA PRA. SHALA","24250408901","Primary","Co. Educational","Local body","1993","73.436608","20.584406","Operational","Rural","1.0","5.0","","","0.0","3.0","0.0","2.0","0.0","14.0","7.0","9.0","6.0","3.0","0.0","0.0","0.0","0.0","0.0","0.0","0.0","39.0","39.0"
"Tamil Nadu","33","Perambalur","581","Perambalur","6258","Velur","Keelakanavai","331604012","","","PUES-KEELAKANVAI","33160401201","Primary","Co. Educational","Department of Education","1974","78.799656","11.19832","Operational","Rural","1.0","5.0","","","0.0","5.0","0.0","2.0","0.0","4.0","3.0","9.0","4.0","10.0","0.0","0.0","0.0","0.0","0.0","0.0","0.0","30.0","30.0"
"Bihar","10","Siwan","222","Daraundha","2112","M.S. Bawanagang Jalalpur","Pandaypur","101605077","841204","","RAM PRASAD NETARHAAT SCHOOL","10160507703","Primary with Upper Primary","Co. Educational","Private Unaided (Recognized)","2011","84.526321","26.040284","Operational","Rural","1.0","8.0","","","0.0","11.0","0.0","15.0","0.0","23.0","26.0","20.0","19.0","24.0","12.0","5.0","6.0","0.0","0.0","0.0","0.0","135.0","135.0"
"Rajasthan","08","Jodhpur","107","Ghantiyali","7461","Peeo6784- Gsss Padiyal (220171)","Ramdev Nagar","81502218","342308","","GPS MEGHWALO KI DHANI RAMDEV NAGAR PADIYAL","8150221801","Primary","Co. Educational","Local body","2012","72.681077","27.265605","Operational","Rural","1.0","5.0","","","0.0","2.0","1.0","2.0","0.0","7.0","10.0","9.0","6.0","9.0","0.0","0.0","0.0","0.0","0.0","0.0","0.0","41.0","41.0"
"Maharashtra","27","Dhule","474","Sakri","4368","Samode","Zanzale","270202239","424306","","Z.P. SCHOOL ZANZALE","27020223901","Primary","Co. Educational","Local body","1956","74.155535","20.988963","Operational","Rural","1.0","4.0","","","0.0","4.0","0.0","3.0","0.0","11.0","10.0","13.0","16.0","0.0","0.0","0.0","0.0","0.0","0.0","0.0","0.0","50.0","50.0"
"Maharashtra","27","Solapur","496","","None","Mc Marathi Boy'S No-2","Prabhag  No-12","273012012","413002","PRABHAG  NO-12","K L E KANNAD PRIMARY SCHOOL SOLALPUR","27301201210","Primary","Co. Educational","Private Unaided (Recognized)","2014","75.908714","17.684837","Operational","Urban","1.0","4.0","","","0.0","5.0","5.0","2.0","7.0","4.0","5.0","5.0","6.0","0.0","0.0","0.0","0.0","0.0","0.0","0.0","0.0","20.0","27.0"
"Sikkim","11","South Sikkim","None","Namthang","None","Kabrey Ss","Bhalukhop","110306019","737132","","BHALUKHOP PS","11030601901","Primary","Co. Educational","Department of Education","1976","88.483056","27.181667","Operational","Rural","1.0","5.0","","","0.0","5.0","0.0","3.0","9.0","3.0","2.0","2.0","2.0","3.0","0.0","0.0","0.0","0.0","0.0","0.0","0.0","12.0","21.0"
"Uttar Pradesh","09","Farrukhabad","141","Mohamdabad","1099","Sakvai","Nisai","92908065","209625","","PS NISAI","9290806501","Primary","Co. Educational","Department of Education","1970","79.49932","27.33535","Operational","Rural","1.0","5.0","","","0.0","5.0","1.0","5.0","0.0","12.0","14.0","17.0","19.0","25.0","0.0","0.0","0.0","0.0","0.0","0.0","0.0","87.0","87.0"
"Madhya Pradesh","23","Dindori","404","Amarpur","3829","Hss Sakka(23410800306)","Kachnari Ryt","234108004","481880","","PS MUKADDAM TOLA [EGS]","23410800401","Primary","Co. Educational","Tribal Welfare Department","1997","80.871611","22.884628","Operational","Rural","1.0","5.0","","","0.0","2.0","0.0","2.0","0.0","12.0","10.0","6.0","8.0","8.0","0.0","0.0","0.0","0.0","0.0","0.0","0.0","44.0","44.0"
"Assam","18","Kamrup-Rural","None","Hajo","None","Ratanpur Tapabari","Tapabary","180605124","781102","","TAPABARI CHAR ANC. MEM","18060512406","Upper Primary only","Co. Educational","Unrecognized","2005","91.4536","26.234383","Operational","Rural","6.0","8.0","","","0.0","3.0","0.0","7.0","0.0","0.0","0.0","0.0","0.0","0.0","0.0","15.0","19.0","0.0","0.0","0.0","0.0","34.0","34.0"
"Karnataka","29","Belagavi","527","Khanapur","5777","Mohishet","Mohishet","290108141","","","MARATHI HIGHER PRIMARY SCHOOL MOHISHET","29010814101","Primary with Upper Primary","Co. Educational","Department of Education","1947","74.475","15.457222","Operational","Rural","1.0","7.0","","","0.0","4.0","0.0","2.0","0.0","4.0","3.0","1.0","6.0","0.0","0.0","0.0","0.0","0.0","0.0","0.0","0.0","14.0","14.0"
"Bihar","10","Gaya","196","Manpur","1747","Gauri Kanya M.S.Gaya","W.N.37","103509131","823003","WARD NO-52","M.S.ABGILLA(UR)","10350913102","Primary with Upper Primary","Co. Educational","Department of Education","1939","85.031087","24.801134","Operational","Urban","1.0","8.0","","","0.0","6.0","0.0","11.0","0.0","21.0","44.0","34.0","29.0","31.0","56.0","71.0","71.0","0.0","0.0","0.0","0.0","357.0","357.0"
"Telangana","36","Warangal Rural","None","Khanapur","None","Zphs Khanapur","Khanapur","361109004","","","ZPHS KHANAPUR","36110900410","Upper Pri. and Secondary","Co. Educational","Local body","1974","79.928158","17.899139","Operational","Rural","6.0","10.0","State Board","","0.0","9.0","3.0","10.0","0.0","0.0","0.0","0.0","0.0","0.0","27.0","21.0","32.0","36.0","29.0","0.0","0.0","145.0","145.0"
"West Bengal","19","Alipurduar","664","Kumargram","2925","Volka  High School (H.S.)","Volka-Barobisha - Ii - Iii","192207080","","","VOLKA HIGH SCHOOL","19220708001","Upper Pri. Secondary and Higher Sec","Co. Educational","Department of Education","2003","89.80657","26.46766","Operational","Rural","5.0","12.0","State Board","State Board","0.0","31.0","5.0","22.0","0.0","0.0","0.0","0.0","0.0","57.0","68.0","97.0","68.0","193.0","114.0","85.0","108.0","790.0","790.0"
"Chhattisgarh","22","Dhamtari","377","Dhamtari","3625","Shala No.1","Adhogik Ward","221330090","","ADHOGIK WARD","GOVT NAVIN P.S. AUDYOGIIK WARD","22133009002","Primary","Co. Educational","Department of Education","2004","81.5539","20.7164","Operational","Urban","1.0","5.0","","","0.0","3.0","2.0","3.0","0.0","7.0","22.0","15.0","13.0","11.0","0.0","0.0","0.0","0.0","0.0","0.0","0.0","68.0","68.0"
"Karnataka","29","Koppal","543","Gangavathi","5875","Budagumpa","Budagumpa","290702027","","","SHANTINIKETANA LOWER PRIMARY SCHOOL BUDAGUMPA","29070202704","Primary","Co. Educational","Private Unaided (Recognized)","2002","76.701","15.568","Operational","Rural","1.0","5.0","","","0.0","7.0","1.0","5.0","44.0","23.0","21.0","19.0","18.0","19.0","0.0","0.0","0.0","0.0","0.0","0.0","0.0","100.0","144.0"
"Bihar","10","Muzaffarpur","208","","None","M.S.Sahbajpur","Shahbajpur Urf Salem","101408073","842004","","UPGRADED M.S.SAHBAJPUR","10140807301","Primary with Upper Primary","Co. Educational","Department of Education","1972","85.3952","26.1585","Operational","Rural","1.0","8.0","","","0.0","4.0","0.0","10.0","0.0","53.0","71.0","57.0","40.0","47.0","93.0","76.0","77.0","0.0","0.0","0.0","0.0","514.0","514.0"
"Madhya Pradesh","23","Rewa","424","Jawa","3956","Hss Dabhoura","Ghooman","231409004","486556","","PS SONADAVAR","23140900405","Primary","Co. Educational","Department of Education","1998","81.360633","25.108938","Operational","Rural","1.0","5.0","","","0.0","2.0","0.0","2.0","0.0","8.0","7.0","6.0","14.0","11.0","0.0","0.0","0.0","0.0","0.0","0.0","0.0","46.0","46.0"
"Haryana","06","Gurugram","062","Pataudi","0480","Ghs Lokra","Mou Lokri","61802045","122414","","GHS MAU LOKRI","6180204502","Upper Pri. and Secondary","Co. Educational","Department of Education","1937","76.768383","28.32736","Operational","Rural","6.0","10.0","State Board","","1.0","5.0","5.0","8.0","0.0","0.0","0.0","0.0","0.0","0.0","24.0","28.0","34.0","39.0","43.0","0.0","0.0","168.0","168.0"
"Madhya Pradesh","23","Dhar","403","Dahi","3818","Hs Ataersuma","Sidri","232503019","454331","","G.M.S. SIDRI","23250301905","Upper Primary only","Co. Educational","Tribal Welfare Department","1982","74.629239","22.09947","Operational","Rural","6.0","8.0","","","0.0","3.0","1.0","3.0","0.0","0.0","0.0","0.0","0.0","0.0","29.0","22.0","25.0","0.0","0.0","0.0","0.0","76.0","76.0"
"Tamil Nadu","33","Dharmapuri","571","","None","Panjapalli","Athandahalli","330504002","","","PUPS AITHANDAHALLI","33050400201","Primary","Co. Educational","Department of Education","1964","78.007763","12.457404","Operational","Rural","1.0","5.0","","","0.0","2.0","0.0","1.0","0.0","2.0","2.0","2.0","4.0","5.0","0.0","0.0","0.0","0.0","0.0","0.0","0.0","15.0","15.0"
"Chhattisgarh","22","Raipur","387","Abhanpur","3693","Crc Kurru","Pounta","221106178","",""," GOVT NEW MIDDLE SCHOOL POUNTA TANDUL(SSA)","22110617802","Upper Primary only","Co. Educational","Department of Education","2011","81.8269","21.1294","Operational","Rural","6.0","8.0","","","0.0","3.0","0.0","3.0","0.0","0.0","0.0","0.0","0.0","0.0","17.0","30.0","20.0","0.0","0.0","0.0","0.0","67.0","67.0"
"Chhattisgarh","22","Janjgir-Champa","379","Nawagarh","3647","Godhana","Pondi (Racha)","220617090","","","GOVT HIGH SCHOOL PONDI (RACHA)","22061709006","Secondary Only","Co. Educational","Department of Education","2018","82.644838","21.833044","Operational","Rural","9.0","10.0","State Board","","0.0","0.0","2.0","5.0","0.0","0.0","0.0","0.0","0.0","0.0","0.0","0.0","0.0","38.0","28.0","0.0","0.0","66.0","66.0"
"Gujarat","24","Valsad","462","Dharampur","4269","Ambatalat","Ambatalat","242504033","396051","","SAMARMAL UPLA F. VARGSHALA","24250403304","Primary","Co. Educational","Local body","2002","73.271908","20.578669","Operational","Rural","1.0","5.0","","","0.0","3.0","0.0","3.0","0.0","12.0","17.0","12.0","18.0","12.0","0.0","0.0","0.0","0.0","0.0","0.0","0.0","71.0","71.0"
"West Bengal","19","24 Paraganas North","303","Gaighata","2734","Dharampur - I","Dharmapur - I/V","191122005","","","KALASIMA SWAMI V VIDYAPITH","19112200501","Upper Pri. Secondary and Higher Sec","Co. Educational","Department of Education","1960","88.69449","22.89068","Operational","Rural","5.0","12.0","State Board","State Board","0.0","34.0","5.0","33.0","0.0","0.0","0.0","0.0","0.0","161.0","216.0","191.0","103.0","252.0","174.0","193.0","161.0","1451.0","1451.0"
"Telangana","36","Ranga Reddy","518","Serilingampally","7302","Zphs Sherilingampally","Serilingampally","362302018","","Serilingampally","SUPAARWIIZ JR COLLEGE","36230201857","Higher Secondary only/Jr. College","Co. Educational","Private Unaided (Recognized)","2012","78.319008","17.49432","Operational","Urban","11.0","12.0","","State Board","2.0","12.0","15.0","10.0","0.0","0.0","0.0","0.0","0.0","0.0","0.0","0.0","0.0","0.0","0.0","83.0","142.0","225.0","225.0"
"Uttarakhand","05","Pauri","None","Ekeshwar","None","Nandakhal","Syoli","50606057","246162","","GOVT PS SYOLI","5060605701","Primary","Co. Educational","Department of Education","1963","78.8464","29.9583","Operational","Rural","1.0","5.0","","","0.0","2.0","1.0","1.0","0.0","0.0","0.0","0.0","1.0","0.0","0.0","0.0","0.0","0.0","0.0","0.0","0.0","1.0","1.0"
"Assam","18","Lakhimpur","295","","None","Mornoi Ext. 2","Karanga Balijan","181202081","787055","","KARANGA BALIJAN LPS","18120208101","Primary","Co. Educational","Department of Education","1970","94.3509","27.227667","Operational","Rural","1.0","5.0","","","0.0","3.0","0.0","2.0","0.0","10.0","4.0","1.0","9.0","1.0","0.0","0.0","0.0","0.0","0.0","0.0","0.0","25.0","25.0"
"Bihar","10","Rohtas","215","Tilouthu","2028","M S Hurka","Banshi Bigha","103214264","821312","","NEW P S BANSHI BIGHA (2007-08)","10321426401","Primary","Co. Educational","Department of Education","2007","84.098706","24.865786","Operational","Rural","1.0","5.0","","","0.0","4.0","0.0","2.0","0.0","21.0","12.0","8.0","10.0","7.0","0.0","0.0","0.0","0.0","0.0","0.0","0.0","58.0","58.0"
"West Bengal","19","Paschim Medinipur","None","Kharagpur(Mn)","None","Saraswati Hindi S Pry Crc","Ward-17","192031017","","WARD-17","SUBHASHPALLY JANAKALYAN VIDYA","19203101704","Upper Pri. Secondary and Higher Sec","Co. Educational","Department of Education","1955","87.30703","22.34499","Operational","Urban","5.0","12.0","State Board","State Board","0.0","23.0","6.0","27.0","0.0","0.0","0.0","0.0","0.0","13.0","22.0","25.0","21.0","28.0","21.0","72.0","87.0","289.0","289.0"
"Assam","18","Jorhat","290","Jorhat","2591","Mulagabharu","Hatijuri Garden","181703093","785634","","HATIJURI GARDEN LP","18170309301","Primary","Co. Educational","Department of Education","1964","94.31585","26.627733","Operational","Rural","1.0","5.0","","","0.0","4.0","2.0","3.0","10.0","13.0","10.0","18.0","21.0","21.0","0.0","0.0","0.0","0.0","0.0","0.0","0.0","83.0","93.0"
"Uttar Pradesh","09","Varanasi","187","","None","Sikraul","Sikaraul--23","96709098","221002","SIKARAUL--23","R.B.S. ACADEMY BHAKATI NAGAR PANDEYPUR","9670909809","Primary with Upper Primary","Co. Educational","Private Unaided (Recognized)","2015","82.994652","25.36661","Operational","Urban","1.0","8.0","","","0.0","12.0","2.0","5.0","35.0","23.0","23.0","20.0","24.0","14.0","17.0","0.0","0.0","0.0","0.0","0.0","0.0","121.0","156.0"
"Maharashtra","27","Solapur","496","Sangola","4586","Khavaspur","Lotewadi- New","273009062","413306","","ZPPS  LOTEWADI--NEW","27300906201","Primary","Co. Educational","Local body","1936","74.988227","17.487657","Operational","Rural","1.0","4.0","","","0.0","8.0","3.0","4.0","0.0","31.0","23.0","20.0","21.0","0.0","0.0","0.0","0.0","0.0","0.0","0.0","0.0","95.0","95.0"
"Uttarakhand","05","Nainital","051","Kotabag","0395","Doola","Riyaar Malla","51105063","263159","","GPS RIYAR MALLA","5110506301","Primary","Co. Educational","Department of Education","1996","79.2998","29.4474","Operational","Rural","1.0","5.0","","","0.0","2.0","1.0","2.0","0.0","9.0","6.0","6.0","6.0","8.0","0.0","0.0","0.0","0.0","0.0","0.0","0.0","35.0","35.0"
"Andhra Pradesh","28","Guntur","506","","None","Mpups (Asm) Rentachintala","Rentachintala","281702005","","","BALAVIKAS EMPS RENTACHINTALA","28170200524","Primary","Co. Educational","Private Unaided (Recognized)","2000","79.5534","16.5544","Operational","Rural","1.0","5.0","","","0.0","13.0","3.0","9.0","108.0","44.0","65.0","63.0","61.0","84.0","0.0","0.0","0.0","0.0","0.0","0.0","0.0","317.0","425.0"
"Karnataka","29","Bengaluru Rural","526","Hoskote","5766","Shivanapura","Siddapura","292104079","","","G LPS SIDDAPURA","29210407901","Primary","Co. Educational","Department of Education","1997","77.868056","13.131944","Operational","Rural","1.0","5.0","","","0.0","2.0","3.0","0.0","0.0","3.0","4.0","0.0","2.0","3.0","0.0","0.0","0.0","0.0","0.0","0.0","0.0","12.0","12.0"
"Assam","18","Udalguri","617","Khoirabari","6553","Bhuyankhat","Bhuyankhat","182601258","784528","","BHUYANKHAT DANSWRANG L.P.S.","18260125803","Primary","Co. Educational","Department of Education","1984","91.887233","26.572833","Operational","Rural","1.0","5.0","","","0.0","2.0","0.0","2.0","0.0","5.0","5.0","2.0","4.0","2.0","0.0","0.0","0.0","0.0","0.0","0.0","0.0","18.0","18.0"
"West Bengal","19","Kolkata","315","Kolkata Municipal Corporation","None","Victoria Institution(Pry)","Ward-40","191701043","","WARD-40","BHAGABATI BALIKA VIDYALAYA","19170104304","Primary","Girls Only","Department of Education","1965","88.36513","22.57564","Operational","Urban","1.0","4.0","","","0.0","4.0","0.0","3.0","2.0","2.0","4.0","4.0","5.0","0.0","0.0","0.0","0.0","0.0","0.0","0.0","0.0","15.0","17.0"
"Maharashtra","27","Ahmednagar","466","Rahuri","4286","Umbare","Chedgaon","272609081","414105","","Z.P.P.SCHOOL GOPALWADI","27260908101","Primary","Co. Educational","Local body","1961","74.772285","19.364983","Operational","Rural","1.0","4.0","","","1.0","2.0","0.0","2.0","0.0","9.0","7.0","11.0","13.0","0.0","0.0","0.0","0.0","0.0","0.0","0.0","0.0","40.0","40.0"
"Karnataka","29","Shivamogga","547","Sorab","5903","Mallapura","Dwarahalli","291506039","","","GHPS DWARAHALLI","29150603901","Primary with Upper Primary","Co. Educational","Department of Education","1949","75.129181","14.588012","Operational","Rural","1.0","7.0","","","0.0","4.0","2.0","4.0","0.0","7.0","10.0","16.0","12.0","11.0","13.0","10.0","0.0","0.0","0.0","0.0","0.0","79.0","79.0"
"Odisha","21","Cuttack","350","Tigiria","3345","Bindhanima Cps","Bindhanima","211214014","","","SARASWATI SHISHU MANDIR  BINDANIMA","21121401452","Primary with Upper Primary","Co. Educational","Private Unaided (Recognized)","1999","85.494965","20.45043","Operational","Rural","1.0","8.0","","","0.0","12.0","0.0","21.0","87.0","32.0","78.0","44.0","55.0","28.0","31.0","29.0","12.0","0.0","0.0","0.0","0.0","309.0","396.0"
"Karnataka","29","Kolar","542","Kolar","5870","Medihala","Dhanamatanahalli","291907091","","","GLPS DHANAMATNAHALLI","29190709101","Primary","Co. Educational","Department of Education","2019","78.061","13.167","Operational","Rural","1.0","5.0","","","0.0","2.0","0.0","2.0","0.0","2.0","3.0","7.0","4.0","9.0","0.0","0.0","0.0","0.0","0.0","0.0","0.0","25.0","25.0"
"Uttar Pradesh","09","Saharanpur","177","","None","Malhipur","Kanker Kui","90108098","247001","","GEETANJLI PUBLIC SCHOOL","9010809805","Primary","Co. Educational","Private Unaided (Recognized)","2006","77.3114","29.5338","Operational","Rural","1.0","5.0","","","0.0","5.0","0.0","5.0","0.0","19.0","11.0","14.0","7.0","11.0","0.0","0.0","0.0","0.0","0.0","0.0","0.0","62.0","62.0"
"Jharkhand","20","Ramgarh","607","Patratu","3174","U.M.S.Katiya","Katiya","202413080","825199","","D.A.V PATARATU","20241308004","Pri. Upper Pri. and Secondary Only","Co. Educational","Private Unaided (Recognized)","1997","85.282472","23.64275","Operational","Rural","1.0","10.0","CBSE","","0.0","22.0","51.0","29.0","0.0","17.0","24.0","26.0","31.0","36.0","40.0","40.0","40.0","73.0","83.0","0.0","0.0","410.0","410.0"
"Gujarat","24","Rajkot","457","Vinchhiya","7133","Pipardi Kumar Tal.Pri School","Asalpur","240916006","360055","","GOVT. SECONDARY SCHOOL","24091600602","Secondary Only","Co. Educational","Department of Education","2016","71.47432","22.16764","Operational","Rural","9.0","10.0","State Board","","0.0","2.0","0.0","2.0","0.0","0.0","0.0","0.0","0.0","0.0","0.0","0.0","0.0","28.0","17.0","0.0","0.0","45.0","45.0"
"Odisha","21","Kandhamal","359","","None","Govt. Pups, Kotagarh","Kotagada","212107051","","","SANJOS ENGLISH MEDIUM SCHOOL, KOTAGARH","21210705181","Primary with Upper Primary","Co. Educational","Private Unaided (Recognized)","2009","83.724731","19.844987","Operational","Rural","1.0","8.0","","","0.0","9.0","0.0","12.0","0.0","0.0","32.0","20.0","29.0","15.0","8.0","10.0","0.0","0.0","0.0","0.0","0.0","114.0","114.0"
"Madhya Pradesh","23","Singrauli","638","","None","Hrs Waidhan Excelency","Nagar Nigam (S) Ward 40","235008221","486886","NAGAR NIGAM (S) WARD 40","PRIVT E-COAL INTERNATIONAL SCHOOL WAIDHAN","23500822123","Primary with Upper Primary","Co. Educational","Private Unaided (Recognized)","2017","82.624719","24.062961","Operational","Urban","1.0","8.0","","","2.0","23.0","10.0","26.0","201.0","83.0","73.0","57.0","54.0","33.0","23.0","18.0","19.0","0.0","0.0","0.0","0.0","360.0","561.0"
"Karnataka","29","Kodagu","541","Madikeri","5861","Cherambane","Kolagadalu","292501046","","","GHPS CHOOL KOLAGADALU","29250104601","Primary with Upper Primary","Co. Educational","Department of Education","1982","75.631","12.383","Operational","Rural","1.0","7.0","","","0.0","7.0","1.0","2.0","0.0","1.0","1.0","0.0","0.0","1.0","0.0","0.0","0.0","0.0","0.0","0.0","0.0","3.0","3.0"
"Maharashtra","27","Nashik","487","","None","Musalgaon","Kundewadi Khurd","272012066","422103","","S.G.PUBLIC SCHOOL(PRI ENG MED)","27201206603","Primary with Upper Primary","Co. Educational","Private Unaided (Recognized)","1992","74.024046","19.849071","Operational","Rural","1.0","7.0","","","8.0","9.0","8.0","9.0","0.0","50.0","55.0","67.0","52.0","40.0","52.0","45.0","0.0","0.0","0.0","0.0","0.0","361.0","361.0"
"Rajasthan","08","Bhilwara","092","","None","Uceeo10213- Gsss Jahazpur (222620)","Ward No. 7","82410267","311201","","SUNRISE PUBLIC SS WARD NO. 7","8241026703","Pri. Upper Pri. and Secondary Only","Co. Educational","Private Unaided (Recognized)","2001","75.277651","25.617837","Operational","Rural","1.0","10.0","State Board","","0.0","10.0","10.0","11.0","12.0","14.0","14.0","11.0","18.0","11.0","11.0","17.0","16.0","19.0","19.0","0.0","0.0","150.0","162.0"
"Madhya Pradesh","23","Chhindwara","399","Parasia","3797","Jsk Hss Nutan Chikhli (23430302836)","Jatachhapar","234303022","480449","","GOVT. PS JATACHHAPAR BASTI","23430302202","Primary","Co. Educational","Department of Education","1956","78.714443","22.21598","Operational","Rural","1.0","5.0","","","0.0","5.0","0.0","2.0","0.0","5.0","12.0","7.0","10.0","9.0","0.0","0.0","0.0","0.0","0.0","0.0","0.0","43.0","43.0"
"Haryana","06","Rewari","072","","None","Gsss Mm Bhalkhi","Mm Bhalkhi","61703045","123102","","M.D. MAJRA BHALKHI","6170304504","Primary with Upper Primary","Co. Educational","Private Unaided (Recognized)","2000","76.421533","28.1751","Operational","Rural","1.0","8.0","","","0.0","10.0","4.0","10.0","0.0","10.0","16.0","23.0","23.0","34.0","16.0","25.0","0.0","0.0","0.0","0.0","0.0","147.0","147.0"
"Chhattisgarh","22","Bastar","374","Darbha","3594","Koleng","Darbha","221504071","","","GOVT. PS MUNDAGARH KACHIRRAS","22150407107","Primary","Co. Educational","Department of Education","1998","82.0461","18.7631","Operational","Rural","1.0","5.0","","","0.0","3.0","3.0","2.0","0.0","2.0","7.0","8.0","1.0","5.0","0.0","0.0","0.0","0.0","0.0","0.0","0.0","23.0","23.0"
"Punjab","03","Jalandhar","034","","None","Gps Lohian Khass (Boy)","Motipur","30407060","","","MAJOR INDER SINGH PUBLIC SCHOOL, MOTIPUR, SHAHKOT","3040706002","Pri. Upper Pri. and Secondary Only","Co. Educational","Unrecognized","2010","75.279231","31.181767","Operational","Rural","1.0","10.0","CBSE","","1.0","16.0","7.0","12.0","69.0","23.0","32.0","33.0","29.0","31.0","21.0","15.0","27.0","23.0","40.0","0.0","0.0","274.0","343.0"
"Tripura","16","Dhalai","269","Chawmanu","2411","Dhanyaram Karbari Para High School","Makarchhara","160303006","799273","","DHANNYA RAM KARBARI PARA HIGH SCHOOL","16030300602","Pri. Upper Pri. and Secondary Only","Co. Educational","Department of Education","1981","91.99722","23.85886","Operational","Rural","1.0","10.0","State Board","","0.0","11.0","11.0","10.0","0.0","26.0","29.0","36.0","25.0","39.0","67.0","77.0","51.0","47.0","59.0","0.0","0.0","456.0","456.0"
"Odisha","21","Ganjam","354","Sanakhemundi","3383","Hatapada","Palaspur","211920019","","","PALASPUR P.U.P.S.","21192001901","Primary with Upper Primary","Co. Educational","Department of Education","1931","84.576795","19.44034","Operational","Rural","1.0","8.0","","","0.0","6.0","0.0","7.0","0.0","11.0","19.0","22.0","24.0","19.0","35.0","34.0","24.0","0.0","0.0","0.0","0.0","188.0","188.0"
"Madhya Pradesh","23","Satna","426","Sohawal","3980","Ghss Madhavgarh","Korihai(Matehna)","231307294","485113","","GPS KORIHAI","23130729401","Primary","Co. Educational","Department of Education","1998","80.905483","24.580572","Operational","Rural","1.0","5.0","","","0.0","2.0","2.0","2.0","0.0","4.0","4.0","3.0","4.0","4.0","0.0","0.0","0.0","0.0","0.0","0.0","0.0","19.0","19.0"
"Assam","18","Biswanath","705","Chaiduar","2708","Sessa","Basisthapur","182807024","784178","","BASISTHAPUR LPS","18280702401","Primary","Co. Educational","Department of Education","1975","93.1942","26.815567","Operational","Rural","1.0","5.0","","","0.0","3.0","0.0","2.0","6.0","5.0","4.0","6.0","7.0","8.0","0.0","0.0","0.0","0.0","0.0","0.0","0.0","30.0","36.0"
"Gujarat","24","Arvalli","672","Malpur","4225","Ubhran","Ubhran","242704086","383335","","SHRI KA CHU SHAH PRIMARY SCHOOL","24270408603","Primary with Upper Primary","Co. Educational","Private Unaided (Recognized)","1985","73.364047","23.270042","Operational","Rural","1.0","8.0","","","0.0","8.0","0.0","8.0","0.0","25.0","22.0","28.0","21.0","21.0","28.0","23.0","34.0","0.0","0.0","0.0","0.0","202.0","202.0"
"West Bengal","19","Paschim Medinipur","None","Midnapore Sadar","None","Palasia Pry Crc","Monidaha-3","192001025","","","BENASULI PRY","19200102505","Primary","Co. Educational","Department of Education","2004","87.23916","22.47027","Operational","Rural","1.0","4.0","","","0.0","5.0","1.0","4.0","20.0","12.0","16.0","14.0","18.0","0.0","0.0","0.0","0.0","0.0","0.0","0.0","0.0","60.0","80.0"
"Chhattisgarh","22","Balrampur","649","Ramchandrapur","3730","Barvahi","Barwahi","222609027","","","N.P.S.BHUSHARIYAPARA","22260902705","Primary","Co. Educational","Department of Education","2005","83.4006","24.0236","Operational","Rural","1.0","5.0","","","0.0","2.0","4.0","2.0","0.0","6.0","3.0","9.0","2.0","5.0","0.0","0.0","0.0","0.0","0.0","0.0","0.0","25.0","25.0"
"Bihar","10","Banka","190","","None","U.M.S.Amjora","Jagatpur","102309096","813103","","M.S. JAGATPUR","10230909602","Primary with Upper Primary","Co. Educational","Department of Education","1968","87.07924","24.893873","Operational","Rural","1.0","8.0","","","0.0","11.0","0.0","6.0","0.0","41.0","27.0","40.0","33.0","35.0","59.0","61.0","56.0","0.0","0.0","0.0","0.0","352.0","352.0"
"Tamil Nadu","33","Kanchipuram","574","","None","Pums, Pazhamathur","Karnakarachri","330311008","","","PUPS KARUNAGARACHERRY","33031100801","Primary","Co. Educational","Department of Education","1974","79.889932","12.620307","Operational","Rural","1.0","5.0","","","0.0","3.0","0.0","2.0","0.0","6.0","8.0","6.0","2.0","9.0","0.0","0.0","0.0","0.0","0.0","0.0","0.0","31.0","31.0"
"Odisha","21","Kalahandi","358","Lanjigarh","3418","Bhatangpadar","Nandakana","212610096","","","GOVT PS NANDAKANA","21261009601","Primary","Co. Educational","Department of Education","2007","83.252155","19.905543","Operational","Rural","1.0","5.0","","","0.0","1.0","0.0","3.0","0.0","8.0","5.0","9.0","4.0","2.0","0.0","0.0","0.0","0.0","0.0","0.0","0.0","28.0","28.0"
"Tamil Nadu","33","Villupuram","596","","None","Thimmachur","Ponniyandhal","330713015","","","GOVERNMENT HIGH SCHOOL  PONNIYANDHAL","33071301502","Upper Pri. and Secondary","Co. Educational","Department of Education","1981","79.08589","11.90158","Operational","Rural","6.0","10.0","State Board","","0.0","14.0","5.0","11.0","0.0","0.0","0.0","0.0","0.0","0.0","50.0","50.0","47.0","50.0","50.0","0.0","0.0","247.0","247.0"
"Uttar Pradesh","09","Fatehpur","142","Bahua","1106","Ayah","Pahar Pur","94207061","212633","","J.H.S.PAHAR PUR","9420706102","Upper Primary only","Co. Educational","Department of Education","2007","80.624375","25.812871","Operational","Rural","6.0","8.0","","","0.0","4.0","0.0","2.0","0.0","0.0","0.0","0.0","0.0","0.0","46.0","34.0","38.0","0.0","0.0","0.0","0.0","118.0","118.0"
"Bihar","10","Arwal","611","Kurtha","6509","M.S.Pinjrawan","Motipur","103807046","804423","","BAL PRATIYOGITA NIKETAN MOTIPUR","10380704604","Primary with Upper Primary","Co. Educational","Unrecognized","2012","84.8094","25.1641","Operational","Rural","1.0","8.0","","","0.0","5.0","0.0","12.0","0.0","13.0","39.0","28.0","18.0","15.0","25.0","14.0","11.0","0.0","0.0","0.0","0.0","163.0","163.0"
"Himachal Pradesh","02","Shimla","023","","None","Gsss Totu","Jathia Devi","21115049","171011","JATHIA DEVI","RISING HIGH PUBLIC SCHOOL","2111504903","Pri. Upper Pri. and Secondary Only","Co. Educational","Private Unaided (Recognized)","2007","77.09","31.086111","Operational","Urban","1.0","10.0","State Board","","0.0","10.0","7.0","13.0","12.0","6.0","6.0","10.0","10.0","11.0","10.0","5.0","9.0","7.0","10.0","0.0","0.0","84.0","96.0"
"Rajasthan","08","Sawai Madhopur","113","","None","Peeo8462- Gsss Malarna Station Sawai Madhopur (212829)","Barh Biloli","81002162","322033","","G. P.S. GOKHRU","8100216201","Primary","Co. Educational","Local body","1995","76.604272","26.012355","Operational","Rural","1.0","5.0","","","0.0","3.0","2.0","2.0","0.0","9.0","14.0","9.0","17.0","20.0","0.0","0.0","0.0","0.0","0.0","0.0","0.0","69.0","69.0"
"Uttar Pradesh","09","Kushi Nagar","160","Padrauna","1317","Dharmpur Bujurg","Dharmapur Bujurg","95901069","274304","DHARMAPUR BUJURG","YODHH BALA L.M.V. PIPRA MOJRA","9590106903","Upper Primary only","Co. Educational","Private Unaided (Recognized)","1986","83.955242","26.85848","Operational","Urban","6.0","8.0","","","0.0","10.0","0.0","6.0","0.0","0.0","0.0","0.0","0.0","0.0","63.0","60.0","70.0","0.0","0.0","0.0","0.0","193.0","193.0"
"Jharkhand","20","Saraikela Kharsawan","341","Chandil","3246","M S Chainpur","Chainpur","202003018","832401","","UPG HS CHAINPUR","20200301801","Pri. Upper Pri. and Secondary Only","Co. Educational","Department of Education","1973","86.052944","22.920917","Operational","Rural","1.0","10.0","State Board","","0.0","17.0","0.0","6.0","0.0","14.0","24.0","26.0","7.0","13.0","60.0","49.0","65.0","123.0","160.0","0.0","0.0","541.0","541.0"
"Odisha","21","Balangir","345","Balangir","3285","Radhanipara Gps","Ward No. 06","212415006","","WARD NO. 06","MEGHANATHPARA GOVT. PS","21241500602","Primary","Co. Educational","Department of Education","1988","83.491926","20.7199","Operational","Urban","1.0","5.0","","","0.0","2.0","0.0","2.0","0.0","7.0","8.0","4.0","7.0","8.0","0.0","0.0","0.0","0.0","0.0","0.0","0.0","34.0","34.0"
"Rajasthan","08","Chittorgarh","095","Begun","0642","Peeo3110- Gsss Daulatpura Begun (224083)","Shyodarshanpura","82903046","312023","","G.P.S. SODARSHAN PURA","8290304601","Primary","Co. Educational","Local body","1984","75.061215","24.964543","Operational","Rural","1.0","5.0","","","0.0","2.0","2.0","2.0","0.0","3.0","4.0","8.0","1.0","6.0","0.0","0.0","0.0","0.0","0.0","0.0","0.0","22.0","22.0"
"Andhra Pradesh","28","Visakhapatanam","520","","None","Zphs Chowduvada","Chowduvada","281322031","","","MPPS MALLAMPALEM","28132203107","Primary","Co. Educational","Local body","1953","82.9945","17.8415","Operational","Rural","1.0","5.0","","","0.0","2.0","1.0","1.0","0.0","2.0","2.0","3.0","1.0","2.0","0.0","0.0","0.0","0.0","0.0","0.0","0.0","10.0","10.0"
"Madhya Pradesh","23","Balaghat","392","Baihar","3744","Garhi Hss New Jsk","Baijalpur","234509070","481117","","PS BAIJALPUR","23450907001","Primary","Co. Educational","Tribal Welfare Department","1980","80.762226","22.195043","Operational","Rural","1.0","5.0","","","0.0","2.0","0.0","1.0","0.0","5.0","5.0","5.0","6.0","6.0","0.0","0.0","0.0","0.0","0.0","0.0","0.0","27.0","27.0"
"Madhya Pradesh","23","Sagar","425","Malthone","3969","Ghss Pithoriya (23110115304)","Parasari","231101161","470442","","GOVT PS (E) PARASARI, MALTHON","23110116101","Primary","Co. Educational","Department of Education","1997","78.540376","24.028823","Operational","Rural","1.0","5.0","","","0.0","2.0","0.0","2.0","0.0","4.0","8.0","5.0","2.0","3.0","0.0","0.0","0.0","0.0","0.0","0.0","0.0","22.0","22.0"
"Tamil Nadu","33","Thoothukkudi","None","Thiruchenthur","None","Saraswathi Ms, Arumuganer","Arumuganeri-Ward15","332805065","","ARUMUGANERI-WARD15","HIN.PS, ARUMUGANERI","33280506501","Primary","Boys Only","Government Aided","1877","78.091126","8.571024","Operational","Rural","1.0","5.0","","","0.0","4.0","0.0","4.0","0.0","8.0","10.0","12.0","23.0","14.0","0.0","0.0","0.0","0.0","0.0","0.0","0.0","67.0","67.0"
"Uttar Pradesh","09","Sonbhadra","184","Chatra","1570","Babhangawa","Koriyaw","97005058","231213","","P.M.S.KORIYAW","9700505802","Upper Primary only","Co. Educational","Department of Education","1998","83.26973","24.68423","Operational","Rural","6.0","8.0","","","0.0","5.0","0.0","1.0","0.0","0.0","0.0","0.0","0.0","0.0","16.0","21.0","23.0","0.0","0.0","0.0","0.0","60.0","60.0"
"Uttar Pradesh","09","Basti","131","Dubauliya","0977","Dubauliya","Piprabrijlal","95515084","272128","","SRI RAM SUMER SINGH K JHS.","9551508401","Upper Primary only","Co. Educational","Private Unaided (Recognized)","2005","82.588412","26.725542","Operational","Rural","6.0","8.0","","","0.0","6.0","0.0","5.0","0.0","0.0","0.0","0.0","0.0","0.0","27.0","16.0","24.0","0.0","0.0","0.0","0.0","67.0","67.0"
"West Bengal","19","Purulia","321","Jhalda-I","3051","Kutidih High School","Ichag / I","191407052","","","HATJAMLAHAR PRY.","19140705207","Primary","Co. Educational","Department of Education","1974","85.91011","23.32958","Operational","Rural","1.0","4.0","","","0.0","2.0","1.0","2.0","11.0","6.0","6.0","11.0","5.0","0.0","0.0","0.0","0.0","0.0","0.0","0.0","0.0","28.0","39.0"
"Madhya Pradesh","23","Rewa","424","Jawa","3956","Hss Girls Dabhoura","Lohagada","231409011","486556","","MS LOHGADA","23140901102","Primary with Upper Primary","Co. Educational","Department of Education","1956","81.295058","25.030853","Operational","Rural","1.0","8.0","","","0.0","6.0","6.0","5.0","0.0","20.0","18.0","30.0","17.0","18.0","24.0","26.0","22.0","0.0","0.0","0.0","0.0","175.0","175.0"
"Gujarat","24","Panch Mahals","454","Kalol","4189","Chalaali","Royan","241706052","389341","","ROYAN P.SHALA","24170605201","Primary with Upper Primary","Co. Educational","Local body","1959","73.630539","22.667575","Operational","Rural","1.0","8.0","","","0.0","6.0","0.0","5.0","0.0","15.0","19.0","14.0","17.0","35.0","17.0","15.0","17.0","0.0","0.0","0.0","0.0","149.0","149.0"
"Madhya Pradesh","23","Bhopal","396","Berasia","3777","Najeerabad Govt. Hss","Sahodara","233201253","462120","","GOVT PS SAHODARA (UEGS)","23320125301","Primary","Co. Educational","Department of Education","1998","77.232946","23.853366","Operational","Rural","1.0","5.0","","","0.0","3.0","1.0","2.0","0.0","4.0","4.0","2.0","3.0","5.0","0.0","0.0","0.0","0.0","0.0","0.0","0.0","18.0","18.0"
"Madhya Pradesh","23","Barwani","393","","None","Hss Girls Niwali","Niwali Bujurg","232811001","451667","","PS ENGLISH ASHRAM GIRLS NIWALI","23281100131","Primary","Girls Only","Tribal Welfare Department","2012","74.913015","21.676973","Operational","Rural","1.0","5.0","","","0.0","4.0","0.0","2.0","0.0","0.0","6.0","34.0","9.0","1.0","0.0","0.0","0.0","0.0","0.0","0.0","0.0","50.0","50.0"
"Sikkim","11","North Sikkim","None","Kabi","None","Phensong Crc","Lower Chawang","110103021","737116","","CHAWANG PS","11010302101","Primary","Co. Educational","Department of Education","1962","88.593333","27.448333","Operational","Rural","1.0","5.0","","","0.0","6.0","0.0","7.0","5.0","3.0","0.0","2.0","1.0","2.0","0.0","0.0","0.0","0.0","0.0","0.0","0.0","8.0","13.0"
"Chhattisgarh","22","Sukma","642","Chhindgarh","3617","Pendalnar","Pendalnar","222135138","","","GOVT HIGH SCHOOL PENDALNAR","22213513805","Secondary Only","Co. Educational","Department of Education","2011","81.685556","18.614167","Operational","Rural","9.0","10.0","State Board","","0.0","6.0","6.0","1.0","0.0","0.0","0.0","0.0","0.0","0.0","0.0","0.0","0.0","2.0","7.0","0.0","0.0","9.0","9.0"
"Maharashtra","27","Nashik","487","Chandwad","4480","Raipur","Vadgaon Pangu","272002105","423104","","Z.P.PRI SCHOOL GOJARE VASTI","27200210504","Primary","Co. Educational","Local body","2001","74.37925","20.212967","Operational","Rural","1.0","4.0","","","0.0","2.0","0.0","2.0","0.0","13.0","11.0","11.0","10.0","0.0","0.0","0.0","0.0","0.0","0.0","0.0","0.0","45.0","45.0"
"Madhya Pradesh","23","Sehore","427","Nasrullaganj","3985","Hss Piplani","Piplani","233304002","466331","","GPS PIPLANI","23330400201","Primary","Co. Educational","Department of Education","1956","77.053329","22.817086","Operational","Rural","1.0","5.0","","","0.0","5.0","0.0","2.0","0.0","24.0","44.0","27.0","38.0","35.0","0.0","0.0","0.0","0.0","0.0","0.0","0.0","168.0","168.0"
"Maharashtra","27","Amravati","468","","None","Bhandaraj","Dhanwadi","270703004","444705","","Z P PRI SCHOOL DHANWADI","27070300401","Primary","Co. Educational","Local body","1967","77.206241","21.161292","Operational","Rural","1.0","4.0","","","0.0","1.0","1.0","2.0","0.0","2.0","1.0","1.0","0.0","0.0","0.0","0.0","0.0","0.0","0.0","0.0","0.0","4.0","4.0"
"Rajasthan","08","Pratapgarh","629","Dhariawad","0794","Peeo8105- Gsss Chari (224765)","Jiva Talab","83311099","312625","","G UPS JIVATALAB","8331109901","Primary with Upper Primary","Co. Educational","Department of Education","1983","74.330264","24.109244","Operational","Rural","1.0","8.0","","","0.0","3.0","1.0","8.0","0.0","32.0","39.0","25.0","26.0","20.0","13.0","17.0","24.0","0.0","0.0","0.0","0.0","196.0","196.0"
"West Bengal","19","Purulia","321","Balarampur","3046","Ghatbera Kerowa High ","Ghatbera Keroa / V","191403062","","","LATADAHA PRY.","19140306201","Primary","Co. Educational","Department of Education","1962","86.25162","23.16663","Operational","Rural","1.0","4.0","","","0.0","6.0","2.0","6.0","28.0","26.0","27.0","23.0","34.0","0.0","0.0","0.0","0.0","0.0","0.0","0.0","0.0","110.0","138.0"
"Punjab","03","Hoshiarpur","033","","None","Gps Nai Abadi 1","Singriwala","30504133","","","GMS SINGRIWALA","3050413304","Upper Primary only","Co. Educational","Department of Education","2009","75.868881","31.511794","Operational","Rural","6.0","8.0","","","0.0","3.0","1.0","4.0","0.0","0.0","0.0","0.0","0.0","0.0","19.0","23.0","17.0","0.0","0.0","0.0","0.0","59.0","59.0"
"Maharashtra","27","Amravati","468","Bhatkuli","4301","Ganori","Parlam","270704010","444602","","MADHYAMIK VIDYALAYA,PARLAM","27070401002","Upper Pri. and Secondary","Co. Educational","Government Aided","2003","77.64467","20.832864","Operational","Rural","8.0","10.0","State Board","","0.0","4.0","4.0","5.0","0.0","0.0","0.0","0.0","0.0","0.0","0.0","0.0","23.0","26.0","34.0","0.0","0.0","83.0","83.0"
"Odisha","21","Mayurbhanj","365","Kaptipada","3497","Mahulpankha","Recordchua","210711179","","","RECORDCHUA NEW PS","21071117901","Primary","Co. Educational","Department of Education","2010","86.483123","21.413323","Operational","Rural","1.0","5.0","","","0.0","2.0","0.0","2.0","0.0","8.0","14.0","8.0","10.0","10.0","0.0","0.0","0.0","0.0","0.0","0.0","0.0","50.0","50.0"
"Gujarat","24","Surat","459","Mahuva","4235","Zervavara","Vagheshver","242204072","394245","","VAGHESHVAR PRIMARY SCHOOL","24220407201","Primary","Co. Educational","Local body","1954","73.132638","20.927644","Operational","Rural","1.0","5.0","","","0.0","3.0","2.0","3.0","0.0","15.0","14.0","16.0","9.0","13.0","0.0","0.0","0.0","0.0","0.0","0.0","0.0","67.0","67.0"
"Andhra Pradesh","28","Chittoor","503","Thavanampalle","4802","Zphs  Krishnapuram","Gandupalle","282353003","","","MPPS  GAJULAPALLE","28235300301","Primary","Co. Educational","Local body","1939","78.9389","13.298","Operational","Rural","1.0","5.0","","","0.0","3.0","0.0","1.0","0.0","3.0","7.0","8.0","7.0","4.0","0.0","0.0","0.0","0.0","0.0","0.0","0.0","29.0","29.0"
"West Bengal","19","Hooghly","312","Arambagh","2887","Arambagh","Tirol-Ix","191208105","","","TIROL UTTARPARA PRIMARY SCHOOL","19120810502","Primary","Co. Educational","Department of Education","1962","87.8364","22.9558","Operational","Rural","1.0","5.0","","","0.0","3.0","0.0","4.0","2.0","9.0","13.0","6.0","10.0","10.0","0.0","0.0","0.0","0.0","0.0","0.0","0.0","48.0","50.0"
"Maharashtra","27","Raigarh (Maharashtra)","None","Murud","None","Nandgaon","Supegaon","272407033","402401","","R.Z.P. SCHOOL  SUPE GAON","27240703301","Primary","Co. Educational","Local body","1956","72.9753","18.395751","Operational","Rural","1.0","4.0","","","0.0","2.0","0.0","1.0","0.0","0.0","1.0","1.0","0.0","0.0","0.0","0.0","0.0","0.0","0.0","0.0","0.0","2.0","2.0"
"Gujarat","24","Surat","459","Chorasi","4233","Lajpor","Talangpor","242202060","394230","","TALANGP0R PRIMARY SCHOOL","24220206001","Primary with Upper Primary","Co. Educational","Local body","1865","72.847467","21.074678","Operational","Rural","1.0","8.0","","","0.0","10.0","3.0","9.0","0.0","9.0","36.0","39.0","39.0","38.0","42.0","51.0","34.0","0.0","0.0","0.0","0.0","288.0","288.0"
"Himachal Pradesh","02","Chamba","016","","None","Gsss Tissa","Devi Kothi","20113074","176316","","GSSS DEVI KOTHI","2011307402","Upper Pri. Secondary and Higher Sec","Co. Educational","Department of Education","1983","76.225278","32.9075","Operational","Rural","6.0","12.0","State Board","State Board","1.0","3.0","3.0","5.0","0.0","0.0","0.0","0.0","0.0","0.0","37.0","23.0","35.0","31.0","66.0","27.0","21.0","240.0","240.0"
"Uttar Pradesh","09","Rampur","176","Shahabad","1488","Shahbad Nagar","Bheetar Gaon","90501050","244922","BHEETAR GAON","UPS. BHITTARGAON","9050105003","Upper Primary only","Co. Educational","Department of Education","2002","78.246666","28.094722","Operational","Urban","6.0","8.0","","","0.0","6.0","0.0","3.0","0.0","0.0","0.0","0.0","0.0","0.0","19.0","23.0","28.0","0.0","0.0","0.0","0.0","70.0","70.0"
"Madhya Pradesh","23","Jabalpur","411","","None","Govt. H.S.S. Medical","Tripuri Ward","233902201","482050","TRIPURI WARD","SAR.S.MANDIR M. SCH. BARGI HIL","23390220107","Primary with Upper Primary","Co. Educational","Private Unaided (Recognized)","1984","79.949993","23.166707","Operational","Urban","1.0","8.0","","","0.0","13.0","0.0","9.0","19.0","16.0","13.0","16.0","13.0","19.0","21.0","21.0","27.0","0.0","0.0","0.0","0.0","146.0","165.0"
"Gujarat","24","Chhotaudepur","668","Bodeli","7156","Kosindra","Dhelpur","243206099","391140","","GHELPUR PRI.SCHOOL","24320609903","Primary","Co. Educational","Local body","1957","73.754","22.17545","Operational","Rural","1.0","5.0","","","0.0","3.0","3.0","2.0","0.0","1.0","4.0","7.0","6.0","6.0","0.0","0.0","0.0","0.0","0.0","0.0","0.0","24.0","24.0"
"Karnataka","29","Bengaluru Rural","526","Hoskote","5766","Alappanahalli","Upparahalli","292104156","","","G LPS UPPARAHALLI","29210415601","Primary","Co. Educational","Department of Education","1961","77.780278","13.089444","Operational","Rural","1.0","5.0","","","0.0","4.0","0.0","2.0","0.0","3.0","5.0","4.0","5.0","5.0","0.0","0.0","0.0","0.0","0.0","0.0","0.0","22.0","22.0"
"Uttar Pradesh","09","Shamli (Prabudh Nagar)","None","Kandhla","None","Bharshi","Bharshi","97407010","247771","","PS BHARESI-2","9740701006","Primary","Co. Educational","Department of Education","1966","77.293131","29.297536","Operational","Rural","1.0","5.0","","","0.0","3.0","0.0","6.0","0.0","25.0","33.0","18.0","30.0","23.0","0.0","0.0","0.0","0.0","0.0","0.0","0.0","129.0","129.0"
"Madhya Pradesh","23","Balaghat","392","Lanji","3751","Govt Hss Excelence Lanji","Lanji","234508011","481222","LANJI","VIRANGANA RANI AWANTIBAI SHISHU MANDIR LANJI","23450801103","Primary with Upper Primary","Co. Educational","Private Unaided (Recognized)","1996","80.54012","21.49912","Operational","Urban","1.0","8.0","","","0.0","12.0","1.0","14.0","10.0","25.0","31.0","30.0","30.0","27.0","29.0","22.0","32.0","0.0","0.0","0.0","0.0","226.0","236.0"
"Uttar Pradesh","09","Sonbhadra","184","Myorpur","1574","Myorpur","Panri (Kamari Dan)","97008051","231208","","COMPOSITE SCHOOL KAMARIDAND","9700805102","Primary with Upper Primary","Co. Educational","Department of Education","1974","82.971806","24.160917","Operational","Rural","1.0","8.0","","","0.0","6.0","6.0","5.0","0.0","44.0","59.0","54.0","33.0","30.0","27.0","58.0","39.0","0.0","0.0","0.0","0.0","344.0","344.0"
"Telangana","36","Hyderabad","507","Saidabad","4992","Ghs Kurmaguda","Saidabad","362210001","","SAIDABAD","GOKUL JUNIOR COLLEGE","36221000144","Higher Secondary only/Jr. College","Co. Educational","Private Unaided (Recognized)","2017","78.506548","17.352742","Operational","Urban","11.0","12.0","","State Board","0.0","10.0","12.0","10.0","0.0","0.0","0.0","0.0","0.0","0.0","0.0","0.0","0.0","0.0","0.0","73.0","103.0","176.0","176.0"
"Chhattisgarh","22","Mahasamund","385","","None","Chattigirola","Kena","221225036","","","GOVT PS KENA","22122503601","Primary","Co. Educational","Department of Education","1958","83.0731","21.2708","Operational","Rural","1.0","5.0","","","0.0","3.0","1.0","1.0","0.0","5.0","5.0","2.0","1.0","5.0","0.0","0.0","0.0","0.0","0.0","0.0","0.0","18.0","18.0"
"Madhya Pradesh","23","Gwalior","407","Ghatigaon","3850","New Hs Nayagaon","Piporali","230403109","474001","PIPORALI","GPS  PIPROLI","23040310901","Primary","Co. Educational","Department of Education","1972","78.164825","26.136687","Operational","Urban","1.0","5.0","","","0.0","3.0","1.0","3.0","0.0","9.0","7.0","7.0","2.0","2.0","0.0","0.0","0.0","0.0","0.0","0.0","0.0","27.0","27.0"
"Uttar Pradesh","09","Bahraich","125","","None","Charda","Sujoli","95012042","271881","","COMPOSIT SCHOOL SUJAULI","9501204202","Primary with Upper Primary","Co. Educational","Department of Education","2005","81.5662","27.9737","Operational","Rural","1.0","8.0","","","0.0","6.0","2.0","6.0","0.0","42.0","41.0","39.0","38.0","27.0","24.0","24.0","26.0","0.0","0.0","0.0","0.0","261.0","261.0"
"Gujarat","24","Mahisagar","669","Santrampur","4193","Nasikpur","Mankodiya","243104076","389230","","MANKODIYA P. SHALA","24310407601","Primary with Upper Primary","Co. Educational","Local body","1956","73.721597","23.152872","Operational","Rural","1.0","8.0","","","0.0","5.0","0.0","5.0","0.0","11.0","6.0","9.0","12.0","7.0","17.0","15.0","23.0","0.0","0.0","0.0","0.0","100.0","100.0"
"Gujarat","24","Devbhumi Dwarka","674","","None","Bharana Taluka Shala","Nana Ambala","242904058","361010","","NANA AMBLA PRIMARY SCHOOL","24290405801","Primary with Upper Primary","Co. Educational","Local body","1972","69.666483","22.353483","Operational","Rural","1.0","8.0","","","5.0","10.0","1.0","6.0","0.0","48.0","50.0","50.0","51.0","51.0","42.0","47.0","37.0","0.0","0.0","0.0","0.0","376.0","376.0"
"Assam","18","Kokrajhar","294","","None","Pastibari","Kurshakati","180102383","783334","","DAKHIN KURSHAKATI ME MADRASSA (NP)","18010238305","Primary with Upper Primary","Co. Educational","Department of Education","1990","89.874367","26.255933","Operational","Rural","1.0","8.0","","","0.0","5.0","0.0","9.0","0.0","12.0","6.0","9.0","14.0","17.0","25.0","17.0","23.0","0.0","0.0","0.0","0.0","123.0","123.0"
"Karnataka","29","Chamarajanagara","531","","None","Kabbahalli","Somahalli","292702136","","","SRI GANGADHARESHWARA HS SOMAHALLI","29270213602","Secondary Only","Co. Educational","Government Aided","1984","76.715278","11.928889","Operational","Rural","8.0","10.0","State Board","","0.0","3.0","3.0","6.0","0.0","0.0","0.0","0.0","0.0","0.0","0.0","0.0","45.0","46.0","39.0","0.0","0.0","130.0","130.0"
"Assam","18","Kamrup-Rural","None","Boko","None","Uttar Bekeli","Uttar Ghilabari","180601105","781135","","GHILABARI HIGH MADRASSA","18060110505","Secondary Only","Co. Educational","Government Aided","1981","91.093983","26.01815","Operational","Rural","9.0","10.0","State Board","","0.0","3.0","0.0","8.0","0.0","0.0","0.0","0.0","0.0","0.0","0.0","0.0","0.0","62.0","84.0","0.0","0.0","146.0","146.0"
"Gujarat","24","Vadodara","461","","None","Koyali Kumar","Koyli","241911076","391330","","KOYALI VIDHYAMANDIR","24191107603","Upper Primary only","Co. Educational","Government Aided","1948","73.116744","22.354583","Operational","Rural","6.0","8.0","","","0.0","3.0","0.0","3.0","0.0","0.0","0.0","0.0","0.0","0.0","32.0","34.0","47.0","0.0","0.0","0.0","0.0","113.0","113.0"
"Madhya Pradesh","23","Satna","426","","None","Ghss Devdaha","Chodhran Tola","231305057","485881","","GPS CHOUDHARAN TOLA","23130505702","Primary","Co. Educational","Department of Education","1995","81.266815","24.240935","Operational","Rural","1.0","5.0","","","0.0","5.0","0.0","2.0","0.0","12.0","13.0","14.0","13.0","14.0","0.0","0.0","0.0","0.0","0.0","0.0","0.0","66.0","66.0"
"Uttar Pradesh","09","Amethi - Csm Nagar","None","Gauriganj","None","Pandri","Pandari","97319002","227409","","PS PURE UDHAV","9731900207","Primary","Co. Educational","Department of Education","2012","81.713597","26.126913","Operational","Rural","1.0","5.0","","","0.0","2.0","0.0","2.0","0.0","10.0","7.0","5.0","12.0","5.0","0.0","0.0","0.0","0.0","0.0","0.0","0.0","39.0","39.0"
"Assam","18","Golaghat","288","","None","Tengaholla","Latajari","181804100","785602","","LATAJARI LPS","18180410001","Primary","Co. Educational","Department of Education","1954","93.89215","26.22475","Operational","Rural","1.0","5.0","","","0.0","2.0","0.0","1.0","0.0","10.0","10.0","7.0","5.0","5.0","0.0","0.0","0.0","0.0","0.0","0.0","0.0","37.0","37.0"
"Maharashtra","27","Nagpur","484","","None","Navyug Ps-Munjewada-Mahal","Mahal","270914069","440002","MAHAL","BHARTIYA CONVENT","27091406914","Primary with Upper Primary","Co. Educational","Private Unaided (Recognized)","1970","79.119012","21.139705","Operational","Urban","1.0","6.0","","","0.0","4.0","0.0","7.0","10.0","24.0","13.0","9.0","12.0","3.0","0.0","0.0","0.0","0.0","0.0","0.0","0.0","61.0","71.0"
"Tamil Nadu","33","Villupuram","596","Vallam","6472","Pennagar","Udaiyanthangal","330703019","","","PANCHAYAT UNION MIDDLE SCHOOL  UDAIYANTHANGAL","33070301901","Primary with Upper Primary","Co. Educational","Department of Education","1966","79.41834","12.40636","Operational","Rural","1.0","8.0","","","1.0","7.0","0.0","6.0","0.0","4.0","6.0","6.0","14.0","13.0","11.0","16.0","11.0","0.0","0.0","0.0","0.0","81.0","81.0"
"Bihar","10","Saran","218","Jalalpur","2067","Ms Anwal","Anwal","101709016","841205","","RAM JANKI JAGANNATH CHAUDHARI BACHHI DEVI M S","10170901603","Primary with Upper Primary","Co. Educational","Unrecognized","2001","84.64082","25.87717","Operational","Rural","1.0","8.0","","","0.0","10.0","10.0","20.0","95.0","69.0","69.0","69.0","72.0","76.0","68.0","94.0","90.0","0.0","0.0","0.0","0.0","607.0","702.0"
"Gujarat","24","Valsad","462","Kaprada","4270","Kaparada","Kaparada","242505001","396065","","A N EKLAVAYA MODEL RESIDENTIAL","24250500107","Upper Pri. Secondary and Higher Sec","Co. Educational","Tribal Welfare Department","2002","73.254642","20.335914","Operational","Rural","6.0","12.0","State Board","State Board","0.0","27.0","10.0","24.0","0.0","0.0","0.0","0.0","0.0","0.0","57.0","62.0","60.0","60.0","58.0","77.0","121.0","495.0","495.0"
"Rajasthan","08","Dausa","097","Baswa","7437","Peeo3633- Gsss Baswa (218013)","Mahatani","81101139","303327","","GOVT. PS MAHATANI","8110113901","Primary","Co. Educational","Local body","1999","76.559453","27.168738","Operational","Rural","1.0","5.0","","","0.0","3.0","1.0","2.0","0.0","2.0","5.0","6.0","6.0","9.0","0.0","0.0","0.0","0.0","0.0","0.0","0.0","28.0","28.0"
"Haryana","06","Jhajjar","064","Jhajjar","0495","Ggsss Jhajjar","Jhajjar","61501075","124103","JHAJJAR","HOLY CROSS M/S JHAJJAR","6150107530","Primary with Upper Primary","Co. Educational","Private Unaided (Recognized)","1998","76.655433","28.60715","Operational","Urban","1.0","8.0","","","0.0","14.0","4.0","6.0","0.0","11.0","48.0","40.0","41.0","34.0","55.0","45.0","53.0","0.0","0.0","0.0","0.0","327.0","327.0"
"Uttarakhand","05","Pithoragarh","053","Didihat","0416","Masmole","Kukrauli","50704060","262572","","G.J.H.S. KUKRAULI","5070406003","Upper Primary only","Co. Educational","Department of Education","2007","80.112","29.4812","Operational","Rural","6.0","8.0","","","0.0","4.0","2.0","3.0","0.0","0.0","0.0","0.0","0.0","0.0","6.0","8.0","2.0","0.0","0.0","0.0","0.0","16.0","16.0"
"Jammu and Kashmir","01","Doda","004","","None","Gms Gondoh","Kunan","10906033","182203","","NPS KUNAN (EGS)","1090603301","Primary","Co. Educational","Department of Education","2008","75.895255","33.039988","Operational","Rural","1.0","5.0","","","0.0","2.0","1.0","2.0","0.0","10.0","4.0","5.0","5.0","4.0","0.0","0.0","0.0","0.0","0.0","0.0","0.0","28.0","28.0"
"West Bengal","19","Nadia","320","","None","Ananda Mohan Gsfp School","Ward No. 14","191020014","","WARD NO. 14","NASRA GIRLS' HIGH SCHOOL","19102001401","Upper Pri. Secondary and Higher Sec","Girls Only","Department of Education","1954","88.57419","23.1703","Operational","Urban","5.0","12.0","State Board","State Board","0.0","16.0","0.0","27.0","0.0","0.0","0.0","0.0","0.0","150.0","150.0","123.0","158.0","207.0","177.0","127.0","190.0","1282.0","1282.0"
"Jharkhand","20","Palamu","338","Hussainabad","3210","Upg Rajkiyekrit Hs Malwariya","Nawadih","200204021","822116","","UPG PS NAWADIH HUSAINABAD","20020402103","Primary","Co. Educational","Department of Education","2003","84.032219","24.626869","Operational","Rural","1.0","5.0","","","0.0","5.0","5.0","2.0","0.0","23.0","24.0","21.0","22.0","22.0","0.0","0.0","0.0","0.0","0.0","0.0","0.0","112.0","112.0"
"Chhattisgarh","22","Baloda Bazar","644","Bhatapara","3696","Nipaniya","Nipaniya","222402004","","","GOVT HIGHER SECONDARY SCHOOL NIPANIA","22240200403","Secondary with Higher Secondary","Co. Educational","Department of Education","1964","82.045","21.83","Operational","Rural","9.0","12.0","State Board","State Board","0.0","9.0","8.0","11.0","0.0","0.0","0.0","0.0","0.0","0.0","0.0","0.0","0.0","163.0","127.0","84.0","89.0","463.0","463.0"
"Meghalaya","17","Ri Bhoi","276","Umsning","2470","Raitong Crc","Thad","170502226","793105","","GOVT. LP THAD","17050222602","Primary","Co. Educational","Department of Education","1912","91.6825","25.344444","Operational","Rural","1.0","4.0","","","0.0","1.0","0.0","1.0","35.0","16.0","15.0","11.0","13.0","0.0","0.0","0.0","0.0","0.0","0.0","0.0","0.0","55.0","90.0"
"Maharashtra","27","Pune","490","Haveli","4515","Lonikand","Phulgaon","272505020","412216","","H U DHOTRE FREE  PRIMARY SCHOOL","27250502001","Primary","Co. Educational","Government Aided","1860","74.014165","18.658934","Operational","Rural","1.0","4.0","","","0.0","5.0","3.0","4.0","0.0","24.0","63.0","48.0","50.0","0.0","0.0","0.0","0.0","0.0","0.0","0.0","0.0","185.0","185.0"
"Punjab","03","Fatehgarh Sahib","030","","None","Gps Hamayunpur","Ward No 13","30801114","","WARD NO 13","GPS BARA","3080111401","Primary","Co. Educational","Department of Education","1955","76.378203","30.613639","Operational","Urban","1.0","5.0","","","0.0","6.0","0.0","6.0","30.0","21.0","25.0","28.0","21.0","26.0","0.0","0.0","0.0","0.0","0.0","0.0","0.0","121.0","151.0"
"Meghalaya","17","West Garo Hills","278","Demdema","7181","Kalapani Crc","Chibinang","170101164","794104","","CHIBINANG LP SCHOOL","17010116402","Primary","Co. Educational","Department of Education","1968","90.887778","25.620833","Operational","Rural","1.0","5.0","","","0.0","3.0","1.0","4.0","50.0","94.0","140.0","45.0","28.0","37.0","0.0","0.0","0.0","0.0","0.0","0.0","0.0","344.0","394.0"
"Himachal Pradesh","02","Chamba","016","","None","Kiri","Lagga","20106043","176314","","GMS LAGGA","2010604303","Upper Primary only","Co. Educational","Department of Education","2012","76.1975","32.588611","Operational","Rural","6.0","8.0","","","0.0","2.0","0.0","3.0","0.0","0.0","0.0","0.0","0.0","0.0","22.0","19.0","17.0","0.0","0.0","0.0","0.0","58.0","58.0"
"Karnataka","29","Belagavi Chikkodi","None","Gokak","None","Suldhal","Suldhal","293006089","","","GOVT KANNADA HIGHER PRIMARY SCHOOL SULADAL","29300608902","Primary with Upper Primary","Co. Educational","Department of Education","1917","74.674","15.997","Operational","Rural","1.0","7.0","","","0.0","9.0","2.0","9.0","0.0","37.0","32.0","36.0","35.0","36.0","41.0","39.0","0.0","0.0","0.0","0.0","0.0","256.0","256.0"
"Kerala","32","Kannur","557","Payyannur","5989","Gups Aravanchal","Peringome","320212004","670353","","GHSS PERINGOME","32021200413","Pri. with Upper Pri. Sec. and H.Sec.","Co. Educational","Department of Education","1914","75.313889","12.223611","Operational","Rural","0.0","12.0","State Board","State Board","0.0","35.0","5.0","44.0","43.0","56.0","65.0","70.0","38.0","52.0","55.0","52.0","78.0","73.0","59.0","160.0","142.0","900.0","943.0"
"Rajasthan","08","Jaipur","102","","None","Uceeo10103- Gsss Shyopur (218982)","Ward No.46 Jaipur City","81227046","302029","NN_Greater Jaipur - Ward No.- 104","NIRMALA HAPPY SCHOOL","8122704646","Primary with Upper Primary","Co. Educational","Private Unaided (Recognized)","1993","75.792606","26.824138","Operational","Urban","0.0","8.0","","","1.0","15.0","2.0","8.0","64.0","27.0","20.0","19.0","18.0","10.0","17.0","13.0","14.0","0.0","0.0","0.0","0.0","138.0","202.0"
"Bihar","10","Katihar","201","Korha","1808","Ms Shadpur Rajwara","Dharamganj","101004173","854337","","NPS DHARAMGANJ","10100417301","Primary","Co. Educational","Department of Education","2007","87.5098","25.679","Operational","Rural","1.0","5.0","","","0.0","3.0","2.0","4.0","0.0","16.0","43.0","23.0","39.0","19.0","0.0","0.0","0.0","0.0","0.0","0.0","0.0","140.0","140.0"
"Madhya Pradesh","23","Rajgarh","422","Narsinghgarh","3944","Hss Kurawar","Sahu Khedi","233003269","465667","","PS SAHUKHEDI","23300326901","Primary","Co. Educational","Department of Education","1971","76.987833","23.551209","Operational","Rural","1.0","5.0","","","0.0","4.0","0.0","6.0","0.0","22.0","30.0","31.0","30.0","25.0","0.0","0.0","0.0","0.0","0.0","0.0","0.0","138.0","138.0"
"Uttar Pradesh","09","Sambhal (Bhim Nagar)","None","Baniyakhera","None","Jarai","Kanthari","96805088","244412","","H.S.SIDDHARTH BAL VIDHYALAYA","9680508802","Upper Primary only","Co. Educational","Private Unaided (Recognized)","2002","78.8167","28.85","Operational","Rural","6.0","8.0","","","0.0","5.0","1.0","5.0","0.0","0.0","0.0","0.0","0.0","0.0","22.0","8.0","22.0","0.0","0.0","0.0","0.0","52.0","52.0"
"Assam","18","Nagaon","297","","None","Magur Gaon South","Salmara","181004108","782425","","MADHYA SALMARA SUBHANIA MUKTAB","18100410807","Primary","Co. Educational","Unrecognized","1980","92.550167","26.16945","Operational","Rural","1.0","5.0","","","0.0","1.0","0.0","3.0","12.0","16.0","15.0","15.0","16.0","15.0","0.0","0.0","0.0","0.0","0.0","0.0","0.0","77.0","89.0"
"Maharashtra","27","Nagpur","484","","None","Anjuman Urdu Ps-Sadar","Borgaon","270914016","440013","BORGAON","UNNEVARSAL PUBLIC MARATHI HINDI UPS","27091401608","Primary with Upper Primary","Co. Educational","Government Aided","2006","79.066303","21.184158","Operational","Urban","1.0","8.0","","","0.0","24.0","24.0","16.0","0.0","40.0","39.0","56.0","55.0","45.0","48.0","28.0","0.0","0.0","0.0","0.0","0.0","311.0","311.0"
"Karnataka","29","Ballari","528","","None","Jagatagere","Rampura","291206069","","","GHPS    JAGATAGERI","29120606901","Primary with Upper Primary","Co. Educational","Department of Education","1934","76.256","14.79","Operational","Rural","1.0","8.0","","","0.0","6.0","0.0","6.0","0.0","12.0","17.0","13.0","15.0","13.0","13.0","14.0","20.0","0.0","0.0","0.0","0.0","117.0","117.0"
"West Bengal","19","Maldah","316","","None","Kharba H.N. Agril High Sc","Kharba / I","190611043","","","UMARPUR SSK","19061104305","Primary","Co. Educational","Department of Education","2001","88.068","25.42","Operational","Rural","1.0","4.0","","","0.0","2.0","0.0","4.0","0.0","42.0","36.0","27.0","27.0","0.0","0.0","0.0","0.0","0.0","0.0","0.0","0.0","132.0","132.0"
"Rajasthan","08","Udaipur","117","Lasadiya","6620","Peeo9659- Gsss Balicha (223596)","Balicha2","82611074","313604","","G.S.SEC.S.BALICHA","8261107401","Pri. with Upper Pri. Sec. and H.Sec.","Co. Educational","Department of Education","1954","74.243693","24.359681","Operational","Rural","1.0","12.0","State Board","State Board","0.0","9.0","9.0","13.0","0.0","15.0","17.0","19.0","15.0","27.0","52.0","50.0","37.0","70.0","90.0","63.0","28.0","483.0","483.0"
"Karnataka","29","Shivamogga","547","Sorab","5903","Halesorab","Nadahalli","291506194","","","GHPS NADAHALLI","29150619401","Primary with Upper Primary","Co. Educational","Department of Education","1950","75.093418","14.380509","Operational","Rural","1.0","7.0","","","0.0","4.0","0.0","4.0","0.0","7.0","4.0","5.0","4.0","4.0","9.0","9.0","0.0","0.0","0.0","0.0","0.0","42.0","42.0"
"Maharashtra","27","Pune","490","Daund","4514","Deulgaon Raje","Kalewadi","272504027","413801","","ZPPS KALEWADI","27250402701","Primary","Co. Educational","Local body","1955","74.682985","18.407498","Operational","Rural","1.0","4.0","","","0.0","7.0","0.0","2.0","0.0","6.0","7.0","10.0","12.0","0.0","0.0","0.0","0.0","0.0","0.0","0.0","0.0","35.0","35.0"
"Odisha","21","Kendrapara","360","","None","Bijayanagar Nodal Hs","Sahabajpur","211005094","","","SAHABAJPUR NODAL U.P.S.","21100509401","Primary with Upper Primary","Co. Educational","Department of Education","1953","86.596406","20.44114","Operational","Rural","1.0","8.0","","","0.0","5.0","0.0","6.0","0.0","12.0","18.0","20.0","22.0","18.0","15.0","12.0","11.0","0.0","0.0","0.0","0.0","128.0","128.0"
"Uttar Pradesh","09","Ballia","126","","None","Patana/Madhopur","Rasara Ward No.1","96303089","221712","","K G B V  RASARA","9630308902","Upper Primary only","Girls Only","Department of Education","2005","83.505","25.5116","Operational","Rural","6.0","8.0","","","0.0","3.0","3.0","6.0","0.0","0.0","0.0","0.0","0.0","0.0","32.0","33.0","35.0","0.0","0.0","0.0","0.0","100.0","100.0"
"Karnataka","29","Hassan","539","","None","Changadihally","Herur","292308116","","","GLPS  HERUR","29230811601","Primary","Co. Educational","Department of Education","1962","75.831","12.723","Operational","Rural","1.0","5.0","","","0.0","2.0","0.0","2.0","0.0","0.0","2.0","2.0","0.0","1.0","0.0","0.0","0.0","0.0","0.0","0.0","0.0","5.0","5.0"
"Jharkhand","20","Godda","330","Boarijor","3143","Govt M.S Kusum Ghati","Dahua","200804091","814147","","UPG GOVT MS DAHUA","20080409101","Primary with Upper Primary","Co. Educational","Department of Education","1971","87.342961","24.97095","Operational","Rural","1.0","8.0","","","0.0","7.0","1.0","2.0","0.0","14.0","17.0","9.0","8.0","7.0","13.0","6.0","0.0","0.0","0.0","0.0","0.0","74.0","74.0"
"Rajasthan","08","Bharatpur","091","Bayana","0611","Peeo1870- Gsss Karwari (217390)","Karwari","80708128","321401","","NSS UPS KARWARI","8070812804","Primary with Upper Primary","Co. Educational","Private Unaided (Recognized)","2009","77.212139","26.838533","Operational","Rural","1.0","8.0","","","0.0","8.0","1.0","6.0","0.0","0.0","10.0","12.0","10.0","10.0","6.0","3.0","4.0","0.0","0.0","0.0","0.0","55.0","55.0"
"Telangana","36","Sangareddy","691","","None","Zphs Nandi Kandi","Peddapur","361617027","","","MPPS NAGSANPALLY","36161702701","Primary","Co. Educational","Local body","1972","78.009142","17.591465","Operational","Rural","1.0","5.0","","","0.0","3.0","1.0","3.0","0.0","19.0","7.0","14.0","13.0","11.0","0.0","0.0","0.0","0.0","0.0","0.0","0.0","64.0","64.0"
"Jharkhand","20","Palamu","338","","None","Rajkiyekrit Ms Rajwadih","Rajwadih","200201038","822118","","RAJKIYEKRIT RAMDHARI HIGH SCHOOL RAJWADIH","20020103801","Secondary Only","Co. Educational","Department of Education","1974","84.117367","24.061533","Operational","Rural","9.0","10.0","State Board","","0.0","6.0","7.0","7.0","0.0","0.0","0.0","0.0","0.0","0.0","0.0","0.0","0.0","141.0","161.0","0.0","0.0","302.0","302.0"
"Uttar Pradesh","09","Etah","138","","None","Gazipur Pahor","Gazipur Pahor","91713052","","","G.V. CONVENT SCHOOL GAZIPUR PAHOR","9171305205","Primary","Co. Educational","Private Unaided (Recognized)","2017","78.634874","27.533893","Operational","Rural","1.0","5.0","","","0.0","8.0","8.0","7.0","0.0","23.0","16.0","12.0","15.0","15.0","0.0","0.0","0.0","0.0","0.0","0.0","0.0","81.0","81.0"
"Maharashtra","27","Ahmednagar","466","Akole","4277","Pimpalgaon Khand","Dhamangaon Pat","272601043","422610","","Z.P.P.SCHOOL SHELKEWASTI","27260104306","Primary","Co. Educational","Local body","2005","73.965815","19.456703","Operational","Rural","1.0","4.0","","","0.0","2.0","0.0","2.0","0.0","6.0","6.0","6.0","5.0","0.0","0.0","0.0","0.0","0.0","0.0","0.0","0.0","23.0","23.0"
"Meghalaya","17","Ri Bhoi","276","Umsning","2470","Umran Dairy Crc","Umnget","170502342","793105","","UMNGET U.P SCHOOL","17050234202","Upper Primary only","Co. Educational","Private Unaided (Recognized)","2015","91.5237","25.4352","Operational","Rural","6.0","6.0","","","0.0","1.0","0.0","2.0","0.0","0.0","0.0","0.0","0.0","0.0","3.0","0.0","0.0","0.0","0.0","0.0","0.0","3.0","3.0"
"Punjab","03","Rupnagar","042","Chamkaur Sahib","0333","Gps Behrampur Bet","Phassa","30702084","","","GHS FASSE","3070208402","Upper Pri. and Secondary","Co. Educational","Department of Education","2010","76.317906","30.984482","Operational","Rural","6.0","10.0","State Board","","0.0","6.0","7.0","4.0","0.0","0.0","0.0","0.0","0.0","0.0","7.0","7.0","14.0","21.0","23.0","0.0","0.0","72.0","72.0"
"Uttar Pradesh","09","Meerut","169","Kharkhoda","1391","Khandawali","Kharkhauda","90703001","245206","","P.P, KHARKHODA 2","9070300102","Primary","Co. Educational","Department of Education","1980","84.321111","26.686389","Operational","Rural","1.0","5.0","","","0.0","7.0","7.0","9.0","0.0","50.0","43.0","50.0","52.0","61.0","0.0","0.0","0.0","0.0","0.0","0.0","0.0","256.0","256.0"
"Bihar","10","Vaishali","224","Raghopur","2149","Ums Paharpur R.Chou.Ke.To","Paharpur","101813026","844508","","UMS PAHARPUR EAST","10181302607","Primary with Upper Primary","Co. Educational","Department of Education","1973","85.3789","25.5676","Operational","Rural","1.0","8.0","","","0.0","10.0","0.0","3.0","0.0","30.0","36.0","29.0","21.0","31.0","40.0","48.0","45.0","0.0","0.0","0.0","0.0","280.0","280.0"
"Uttar Pradesh","09","Kheri","159","Mohammadi","1302","Dhamaula","Khairiya Ghasi","92307023","262804","","PRI.SCH. KHERIYA GHASI","9230702301","Primary","Co. Educational","Department of Education","1995","80.1115","27.5823","Operational","Rural","1.0","5.0","","","0.0","3.0","3.0","2.0","0.0","19.0","11.0","16.0","12.0","8.0","0.0","0.0","0.0","0.0","0.0","0.0","0.0","66.0","66.0"
"Telangana","36","Hyderabad","507","Secunderabad","4993","Gbhs Nallagutta, Balamrai","Secunderabad Ii","362213923","","SECUNDERABAD II","SRI CHAITANYA SCHOOL RAMGOPALPET","36221392307","Pri. Upper Pri. and Secondary Only","Co. Educational","Private Unaided (Recognized)","2017","78.488338","17.435695","Operational","Urban","0.0","10.0","State Board","","0.0","9.0","1.0","44.0","0.0","28.0","97.0","70.0","57.0","18.0","44.0","35.0","21.0","21.0","31.0","0.0","0.0","422.0","422.0"
"West Bengal","19","Dinajpur Dakshin","310","Kumarganj","2875","Angina Borait High School","Samjhia-Xvi","190504081","","","ANGINA BARAIT F.P. SCHOOL","19050408103","Primary","Co. Educational","Department of Education","1925","88.77479","25.47918","Operational","Urban","1.0","5.0","","","0.0","5.0","1.0","4.0","15.0","11.0","17.0","21.0","21.0","0.0","0.0","0.0","0.0","0.0","0.0","0.0","0.0","70.0","85.0"
"Jharkhand","20","Deoghar","324","Sarath","3088","Upg .M.S Lakhna","Arajori","200705025","815353","","GOVT P.S  ARAJORI","20070502501","Primary","Co. Educational","Department of Education","1972","86.805633","24.229083","Operational","Rural","1.0","5.0","","","0.0","7.0","3.0","2.0","0.0","5.0","7.0","10.0","19.0","20.0","0.0","0.0","0.0","0.0","0.0","0.0","0.0","61.0","61.0"
"Tamil Nadu","33","Tirunelveli","592","Pappakudi","6396","Pothukudi","Pappakudi","332913046","","","NEWLIFE MAT ACADEMY PAPPAKUDI","33291304608","Pri. Upper Pri. and Secondary Only","Co. Educational","Private Unaided (Recognized)","1998","77.50963","8.7575","Operational","Rural","0.0","10.0","State Board","","2.0","14.0","3.0","11.0","23.0","17.0","19.0","21.0","31.0","21.0","17.0","7.0","11.0","12.0","4.0","0.0","0.0","160.0","183.0"
"Meghalaya","17","South West Khasi Hills","658","Ranikor","2488","Khonjoy","Rongdusora","171002005","793106","","RONGDUSORA UPS","17100200503","Upper Primary only","Co. Educational","Department of Education","2010","91.864722","25.896389","Operational","Rural","6.0","8.0","","","0.0","3.0","0.0","3.0","0.0","0.0","0.0","0.0","0.0","0.0","14.0","5.0","0.0","0.0","0.0","0.0","0.0","19.0","19.0"
"Maharashtra","27","Yavatmal","500","Ghatanji","4622","Ghoti","Patapangra","271405079","445301","","Z. P. PRI  SCHOOL, PATA","27140507902","Primary","Co. Educational","Local body","1972","78.227684","19.965946","Operational","Rural","1.0","5.0","","","0.0","2.0","0.0","2.0","0.0","7.0","3.0","0.0","9.0","6.0","0.0","0.0","0.0","0.0","0.0","0.0","0.0","25.0","25.0"
"West Bengal","19","Cooch Bihar","None","Cooch Behar-Ii","None","Patlakhawa High School","Patlakhawa / I","190309134","","","CHHAT SINGIMARI S.C. PRY","19030913401","Primary","Co. Educational","Department of Education","1966","89.38412","26.39971","Operational","Rural","1.0","4.0","","","0.0","6.0","1.0","3.0","8.0","16.0","30.0","15.0","27.0","0.0","0.0","0.0","0.0","0.0","0.0","0.0","0.0","88.0","96.0"
"Gujarat","24","Gir Somnath","675","Kodinar","4135","Kanya Pay Center Kodinar","Kodinar","243005034","362720","KODINAR","M. Q. PRA SHALA","24300503413","Primary with Upper Primary","Co. Educational","Private Unaided (Recognized)","1995","70.686407","20.819155","Operational","Urban","1.0","8.0","","","0.0","8.0","0.0","4.0","0.0","2.0","15.0","14.0","17.0","11.0","24.0","27.0","17.0","0.0","0.0","0.0","0.0","127.0","127.0"
"Karnataka","29","Ramanagara","631","Kanakapura","5767","Tungani","Aralalusandra","293208091","","","G LPS ARALALUSANDRA","29320809101","Primary","Co. Educational","Department of Education","1956","77.411944","12.586944","Operational","Rural","1.0","5.0","","","0.0","2.0","0.0","2.0","0.0","6.0","3.0","4.0","3.0","5.0","0.0","0.0","0.0","0.0","0.0","0.0","0.0","21.0","21.0"
"Uttar Pradesh","09","Jyotiba Phule Nagar (Amroha)","None","Dhanora","None","Azam Pur","Papsari Khader","90619052","244231","","P.S.PAPSARI KHADAR","9061905201","Primary","Co. Educational","Department of Education","1962","78.12767","29.05159","Operational","Rural","1.0","5.0","","","0.0","2.0","1.0","5.0","0.0","46.0","54.0","54.0","55.0","38.0","0.0","0.0","0.0","0.0","0.0","0.0","0.0","247.0","247.0"
"Andhra Pradesh","28","Chittoor","503","","None","Srk Mchskorlagunta","Tirupathi (M)","282311919","","TIRUPATHI (M)","SILVER OAKS THE PS  BHAVANI NAGAR","28231191989","Primary","Co. Educational","Private Unaided (Recognized)","2014","79.4219","13.6382","Operational","Urban","1.0","5.0","","","0.0","10.0","0.0","8.0","0.0","51.0","57.0","57.0","70.0","63.0","0.0","0.0","0.0","0.0","0.0","0.0","0.0","298.0","298.0"
"Rajasthan","08","Jaisalmer","103","Jaisalmer","0697","Peeo5445- Gsss Kishanghat (220459)","Bada Bagh","81601101","345001","","GOVT.SEC. SCHOOL, BADA BAGH","8160110101","Pri. Upper Pri. and Secondary Only","Co. Educational","Department of Education","1964","70.922619","26.916488","Operational","Rural","1.0","10.0","State Board","","0.0","10.0","3.0","13.0","0.0","18.0","43.0","40.0","30.0","19.0","29.0","14.0","24.0","13.0","25.0","0.0","0.0","255.0","255.0"
"Uttar Pradesh","09","Kanpur Nagar","157","","None","Crc Harjendar Nagar","Dehli Sujanpur","93422003","208092","DEHLI SUJANPUR","MAHARSHI DAYANANAD S.KENDRA NEW AZAD NGR","9341104803","Primary","Co. Educational","Private Unaided (Recognized)","2004","80.347921","26.40011","Operational","Urban","1.0","5.0","","","0.0","5.0","2.0","5.0","0.0","20.0","26.0","27.0","27.0","28.0","0.0","0.0","0.0","0.0","0.0","0.0","0.0","128.0","128.0"
"Jammu and Kashmir","01","Pulwama","011","Pulwama","0109","Muran","Murran","10507032","192301","","GOVT GMS MURAN","1050703201","Primary with Upper Primary","Co. Educational","Department of Education","1967","74.5154","33.5152","Operational","Rural","1.0","8.0","","","0.0","6.0","1.0","9.0","6.0","3.0","3.0","4.0","5.0","6.0","16.0","11.0","14.0","0.0","0.0","0.0","0.0","62.0","68.0"
"Uttarakhand","05","Chamoli","047","Dewal","0367","Ghesh","Himani","50209003","246427","","UPS HIMANI","5020900303","Upper Primary only","Co. Educational","Department of Education","1990","79.6966","30.1443","Operational","Rural","6.0","8.0","","","0.0","4.0","0.0","1.0","0.0","0.0","0.0","0.0","0.0","0.0","10.0","13.0","5.0","0.0","0.0","0.0","0.0","28.0","28.0"
"Kerala","32","Kottayam","560","","None","Neendoor","Kaipuzha","321007009","686602","","ST MATHEWS LPS KAIPUZHA","32100700904","Primary","Co. Educational","Government Aided","1890","76.5","9.666667","Operational","Rural","0.0","4.0","","","0.0","6.0","1.0","4.0","34.0","13.0","15.0","18.0","18.0","0.0","0.0","0.0","0.0","0.0","0.0","0.0","0.0","64.0","98.0"
"Chhattisgarh","22","Bilaspur","375","Takhatpur","3613","Rajpur","Samdil","220725157","","","GOVT. UP MS  SAMDIL(SSA)","22072515702","Upper Primary only","Co. Educational","Department of Education","2005","81.9708","22.2003","Operational","Rural","6.0","8.0","","","0.0","3.0","1.0","3.0","0.0","0.0","0.0","0.0","0.0","0.0","31.0","26.0","21.0","0.0","0.0","0.0","0.0","78.0","78.0"
"Telangana","36","Suryapet","696","Atmakur(S)","5316","Zphs Nemmikal","Kandagatla","363008001","","","MPPS BHAJANA THANDA","36300800104","Primary","Co. Educational","Local body","1998","79.614318","17.259951","Operational","Rural","1.0","5.0","","","0.0","2.0","0.0","2.0","0.0","8.0","7.0","1.0","3.0","4.0","0.0","0.0","0.0","0.0","0.0","0.0","0.0","23.0","23.0"
"Uttar Pradesh","09","Unnao","186","Bangarmau","1602","Pindana","Anwar Khera","92602083","201501","","P.S.ANWAR KHERA","9260208301","Primary","Co. Educational","Department of Education","1996","80.44016","26.88886","Operational","Rural","1.0","5.0","","","0.0","7.0","7.0","3.0","0.0","20.0","46.0","51.0","55.0","46.0","0.0","0.0","0.0","0.0","0.0","0.0","0.0","218.0","218.0"
"Uttar Pradesh","09","Hamirpur","149","","None","Np Rath","Sikandarpura W3","93810039","210431","SIKANDARPURA W3","M.D. SCHOOL UPS","9381003905","Upper Primary only","Co. Educational","Private Unaided (Recognized)","2006","79.5708","25.58688","Operational","Urban","6.0","8.0","","","0.0","3.0","0.0","5.0","0.0","0.0","0.0","0.0","0.0","0.0","25.0","28.0","31.0","0.0","0.0","0.0","0.0","84.0","84.0"
"Assam","18","Lakhimpur","295","Narayanpur","2646","Simaluguri","1 No. Simaluguri","181205184","784165","","PUB SIMALUGURI LPS","18120518402","Primary","Co. Educational","Department of Education","1977","93.756017","26.968583","Operational","Rural","1.0","5.0","","","0.0","1.0","0.0","3.0","0.0","3.0","3.0","2.0","2.0","3.0","0.0","0.0","0.0","0.0","0.0","0.0","0.0","13.0","13.0"
"Uttar Pradesh","09","Moradabad","171","","None","Hathi Pur Chittu","Qutbpur Ajju","90407165","244413","","J.H.S.ASALAT NAGAR BAGHA COMPOSITE","9040700804","Primary with Upper Primary","Co. Educational","Department of Education","1965","78.681505","28.686953","Operational","Rural","1.0","8.0","","","0.0","9.0","0.0","6.0","0.0","8.0","48.0","43.0","30.0","27.0","15.0","12.0","15.0","0.0","0.0","0.0","0.0","198.0","198.0"
"Punjab","03","Bathinda","028","Bhagta Bhaika","0227","Gps Salabatpura","Bhai Rupa","31405002","","BHAI RUPA W-10","GPS BHAI RUPA BRANCH","3140500205","Primary","Co. Educational","Department of Education","1993","75.215404","30.429149","Operational","Urban","1.0","5.0","","","0.0","2.0","0.0","3.0","25.0","18.0","15.0","12.0","10.0","20.0","0.0","0.0","0.0","0.0","0.0","0.0","0.0","75.0","100.0"
"Himachal Pradesh","02","Mandi","022","","None","Gcps Saroa","Saroa","20507070","175124","","GPS MAJHAN","2050707003","Primary","Co. Educational","Department of Education","1996","77.078889","31.663056","Operational","Rural","1.0","5.0","","","0.0","3.0","0.0","2.0","0.0","5.0","3.0","5.0","4.0","4.0","0.0","0.0","0.0","0.0","0.0","0.0","0.0","21.0","21.0"
"Uttar Pradesh","09","Firozabad","143","","None","Town Area","Haidarganj Ward - 25","94715018","","HAIDARGANJ WARD - 25","SARASWATI SHISHU VIDYA MANDIR NANAKPURA HAIDARGANJ AYODHYA","9471501814","Primary with Upper Primary","Co. Educational","Private Unaided (Recognized)","1967","82.15227","26.77764","Operational","Urban","1.0","8.0","","","0.0","10.0","10.0","10.0","0.0","14.0","15.0","15.0","16.0","26.0","20.0","18.0","15.0","0.0","0.0","0.0","0.0","139.0","139.0"
"Karnataka","29","Bengaluru U South","None","Anekal","None","Neralur","Balagaran Halli","292004110","","","GHPS BALAGARANA HALLI","29200411001","Primary with Upper Primary","Co. Educational","Department of Education","1963","77.736","12.785","Operational","Rural","1.0","7.0","","","0.0","8.0","0.0","6.0","0.0","18.0","25.0","22.0","19.0","24.0","27.0","30.0","0.0","0.0","0.0","0.0","0.0","165.0","165.0"
"Madhya Pradesh","23","Mandla","415","Bichhiya","3900","Hss Exc Bichhiya (23420320402)","Thonda","234203070","481995","","PS(EGS) PANGRI TOLA (THONDA)","23420307003","Primary","Co. Educational","Tribal Welfare Department","1997","80.629099","22.467619","Operational","Rural","1.0","5.0","","","0.0","4.0","1.0","2.0","0.0","6.0","11.0","5.0","9.0","6.0","0.0","0.0","0.0","0.0","0.0","0.0","0.0","37.0","37.0"
"Arunachal Pradesh","12","Lohit","234","","None","Tezu","Tezu Town Ship - Ii","121101045","792001","TEZU TOWN SHIP - II","GOVT.MIDDLE SCHOOL TEZU WEST","12110104501","Primary with Upper Primary","Co. Educational","Department of Education","1985","96.094","27.5519","Operational","Urban","1.0","8.0","","","0.0","8.0","2.0","13.0","0.0","11.0","11.0","18.0","21.0","35.0","34.0","31.0","18.0","0.0","0.0","0.0","0.0","179.0","179.0"
"Uttar Pradesh","09","Basti","131","","None","Gotwa","Hasni","95503152","272262","","PS DADWA KURD","9550315203","Primary","Co. Educational","Department of Education","2013","82.903003","26.973459","Operational","Rural","1.0","5.0","","","0.0","2.0","0.0","3.0","0.0","9.0","9.0","20.0","22.0","16.0","0.0","0.0","0.0","0.0","0.0","0.0","0.0","76.0","76.0"
"Odisha","21","Balangir","345","Gudvella","3289","Ghuna Ups","Kamasingha","212406024","","","KAMASINGHA PS","21240602401","Primary","Co. Educational","Department of Education","1999","83.592659","20.417495","Operational","Rural","1.0","5.0","","","0.0","1.0","0.0","2.0","0.0","0.0","2.0","4.0","4.0","5.0","0.0","0.0","0.0","0.0","0.0","0.0","0.0","15.0","15.0"
"Maharashtra","27","Wardha","498","Ashti","4605","Ashti","Ashti","270802001","442202","","LOKMANYA DIAMOND PRIMARY SCHOOL ASHTI","27080200116","Primary","Co. Educational","Private Unaided (Recognized)","2016","78.186438","21.205192","Operational","Rural","1.0","4.0","","","0.0","4.0","4.0","4.0","0.0","21.0","24.0","22.0","32.0","0.0","0.0","0.0","0.0","0.0","0.0","0.0","0.0","99.0","99.0"
"Uttar Pradesh","09","Auraiya","122","","None","Erva Katra","Udaipur","93204004","206252","","U.P.S. UDAIPUR","9320400402","Upper Primary only","Co. Educational","Department of Education","1999","79.2658","26.5416","Operational","Rural","6.0","8.0","","","0.0","3.0","0.0","3.0","0.0","0.0","0.0","0.0","0.0","0.0","23.0","22.0","26.0","0.0","0.0","0.0","0.0","71.0","71.0"
"Kerala","32","Kollam","559","","None","G.L.P.S Bhoothakulam Nort","Bhoothakkulam","321303002","691334","","AMRUTHA PUBLIC SCHOOL","32130300210","Primary with Upper Primary","Co. Educational","Private Unaided (Recognized)","1996","76.699749","8.82009","Operational","Rural","1.0","7.0","","","0.0","13.0","4.0","8.0","12.0","5.0","12.0","14.0","6.0","8.0","6.0","11.0","0.0","0.0","0.0","0.0","0.0","62.0","74.0"
"West Bengal","19","24 Paraganas South","304","Mandirbazar","2766","Krishnadebpur Fp","Krishnapur-Ix","191820104","","","KASHIPUR MUSLIMPARA NABODAY SSK","19182010402","Primary","Co. Educational","Department of Education","2006","88.3314","22.1211","Operational","Rural","1.0","4.0","","","0.0","4.0","0.0","3.0","10.0","18.0","24.0","14.0","18.0","0.0","0.0","0.0","0.0","0.0","0.0","0.0","0.0","74.0","84.0"
"Telangana","36","Peddapalli","682","Manthani","5030","Zphs Gunjapadugu","Gunjapaduga","360714002","","","MPPS (SC) GUNJAPADUGU","36071400202","Primary","Co. Educational","Local body","1972","79.603809","18.690489","Operational","Rural","1.0","5.0","","","0.0","4.0","1.0","2.0","0.0","4.0","7.0","12.0","7.0","1.0","0.0","0.0","0.0","0.0","0.0","0.0","0.0","31.0","31.0"
"Gujarat","24","Panch Mahals","454","Kalol","4189","Vejalpur","Vejalpur","241706061","389340","","URDU SHALA VEJALPUR","24170606105","Primary with Upper Primary","Co. Educational","Local body","1923","73.564739","22.69015","Operational","Rural","1.0","8.0","","","0.0","18.0","0.0","20.0","0.0","119.0","129.0","123.0","122.0","104.0","113.0","100.0","103.0","0.0","0.0","0.0","0.0","913.0","913.0"
"Madhya Pradesh","23","Bhind","395","Lahar","3774","H.S.S.Boys Daboh","Daboh","230305104","477447","DABOH","FUTURE PUBLIC SCHOOL","23030510437","Primary with Upper Primary","Co. Educational","Private Unaided (Recognized)","2012","78.324545","26.351422","Operational","Urban","1.0","8.0","","","0.0","8.0","0.0","6.0","0.0","37.0","42.0","33.0","33.0","38.0","30.0","29.0","25.0","0.0","0.0","0.0","0.0","267.0","267.0"
"Tamil Nadu","33","Kanchipuram","574","","None","St.Josephs Ps, Pallavaram","Pallavaram","330309032","","Pallavaram","ST.SEBASTIAN  MHSS PALLAVARAM","33030903215","Pri. with Upper Pri. Sec. and H.Sec.","Co. Educational","Private Unaided (Recognized)","1987","80.146449","12.972022","Operational","Urban","0.0","12.0","State Board","State Board","0.0","70.0","6.0","87.0","243.0","165.0","201.0","217.0","238.0","230.0","246.0","251.0","241.0","232.0","215.0","230.0","238.0","2704.0","2947.0"
"Jammu and Kashmir","01","Udhampur","014","Kulwanta","6926","Ms Ladana","Sattian","11012018","182122","","HS SATTIAN","1101201803","Pri. Upper Pri. and Secondary Only","Co. Educational","Department of Education","1964","75.4022","32.8295","Operational","Rural","1.0","10.0","State Board","","1.0","8.0","2.0","11.0","0.0","6.0","1.0","4.0","6.0","5.0","6.0","9.0","14.0","38.0","39.0","0.0","0.0","128.0","128.0"
"Tamil Nadu","33","Kanchipuram","574","Sriperumbudur","6182","Pums, Sunduvarchatram","Molachur","330304030","","","MORNING STAR NUR.PS,MOLACHUR","33030403004","Primary","Co. Educational","Private Unaided (Recognized)","1997","79.87419","12.93299","Operational","Rural","0.0","8.0","","","0.0","27.0","1.0","23.0","201.0","116.0","80.0","53.0","71.0","50.0","41.0","24.0","0.0","0.0","0.0","0.0","0.0","435.0","636.0"
"Arunachal Pradesh","12","Lower Subansiri","236","Ziro-Ii","2236","Yazali","Delpaji","120502082","791120","","GOVT. MIDDLE SCHOOL, DELIPAJI","12050208201","Primary with Upper Primary","Co. Educational","Department of Education","1977","93.698333","27.438056","Operational","Rural","1.0","8.0","","","0.0","8.0","0.0","7.0","10.0","6.0","0.0","0.0","2.0","5.0","6.0","2.0","11.0","0.0","0.0","0.0","0.0","32.0","42.0"
"Jharkhand","20","Giridih","329","Dhanwar","3135","Ms Nawadih","Kheshnal","200607285","825412","","UPG PS KHESNAL","20060728501","Primary","Co. Educational","Department of Education","2005","85.931439","24.459719","Operational","Rural","1.0","5.0","","","0.0","4.0","0.0","1.0","0.0","12.0","7.0","12.0","12.0","19.0","0.0","0.0","0.0","0.0","0.0","0.0","0.0","62.0","62.0"
"Madhya Pradesh","23","Ujjain","435","","None","Hss Ghattia","Dhanna Khedi","232102016","456550","","E.G.S. TEEBU KHEDA","23210201603","Primary","Co. Educational","Department of Education","2002","75.83471","23.374263","Operational","Rural","1.0","5.0","","","0.0","2.0","2.0","3.0","0.0","6.0","8.0","5.0","8.0","8.0","0.0","0.0","0.0","0.0","0.0","0.0","0.0","35.0","35.0"
"Tamil Nadu","33","Perambalur","581","Alathur","6254","T.Kalathur","T.Kalathur","331606002","","","ADWS T.KALATHUR","33160600202","Primary","Co. Educational","Social welfare Department","1932","78.690459","11.134482","Operational","Rural","1.0","5.0","","","0.0","6.0","1.0","2.0","0.0","8.0","10.0","7.0","12.0","7.0","0.0","0.0","0.0","0.0","0.0","0.0","0.0","44.0","44.0"
"Jammu and Kashmir","01","Doda","004","Bhalla","6987","Gutasa","Gutassa","10909028","182221","","GMS GUTASSA","1090902801","Primary with Upper Primary","Co. Educational","Department of Education","1963","75.3823","33.047","Operational","Rural","1.0","8.0","","","0.0","7.0","0.0","7.0","0.0","11.0","7.0","8.0","9.0","13.0","14.0","9.0","12.0","0.0","0.0","0.0","0.0","83.0","83.0"
"Bihar","10","Pashchim Champaran","211","Bairia","1930","U.M.S. Balua Rampurwa","Dumaria","100105015","845438","","GOVT. P.S. DUMARIYA (URDU)","10010501502","Primary","Co. Educational","Department of Education","1971","84.4044","26.7459","Operational","Rural","1.0","5.0","","","0.0","2.0","0.0","4.0","0.0","28.0","32.0","40.0","44.0","27.0","0.0","0.0","0.0","0.0","0.0","0.0","0.0","171.0","171.0"
"Maharashtra","27","Palghar","665","Mokhada","4594","Beriste","Ghanval","273608008","401604","","Z.P. SCHOOL, BALDYACHAPADA","27360800801","Primary","Co. Educational","Local body","1988","73.405274","20.015887","Operational","Rural","1.0","5.0","","","0.0","2.0","0.0","2.0","0.0","5.0","11.0","8.0","7.0","2.0","0.0","0.0","0.0","0.0","0.0","0.0","0.0","33.0","33.0"
"Bihar","10","Munger","207","Munger Sadar","1874","M.S.Charoun","Nauagarhi","102401043","811211","","P.S. RAMGARH","10240104307","Primary","Co. Educational","Department of Education","1960","86.5537","25.3489","Operational","Rural","1.0","5.0","","","0.0","8.0","0.0","1.0","0.0","2.0","9.0","9.0","9.0","8.0","0.0","0.0","0.0","0.0","0.0","0.0","0.0","37.0","37.0"
"Maharashtra","27","Nashik","487","","None","Malegaon Mc Cluster No. 4","Ward.No.12","272017012","423203","WARD.NO.12","KERESENT HIGH SCHOOL","27201701214","Upper Pri. and Secondary","Co. Educational","Private Unaided (Recognized)","2009","74.532974","20.563491","Operational","Urban","8.0","10.0","State Board","","1.0","4.0","4.0","5.0","0.0","0.0","0.0","0.0","0.0","0.0","0.0","0.0","174.0","162.0","162.0","0.0","0.0","498.0","498.0"
"Haryana","06","Hisar","063","Hisar-I","0489","Gsss Niana","Khokha","61206027","125033","","GHS KHOKHA","6120602702","Upper Pri. and Secondary","Co. Educational","Department of Education","1989","75.886263","29.188937","Operational","Rural","6.0","10.0","State Board","","0.0","5.0","6.0","8.0","0.0","0.0","0.0","0.0","0.0","0.0","9.0","21.0","21.0","22.0","20.0","0.0","0.0","93.0","93.0"
"Madhya Pradesh","23","Ratlam","423","Ratlam","3952","Govt Hss Jawahar Ratlam","Ward No 5  Rtm","232005219","457001","WARD NO 5  RTM","MS ALKAPURI","23200521901","Primary with Upper Primary","Co. Educational","Department of Education","2008","75.035611","23.342886","Operational","Urban","1.0","8.0","","","0.0","3.0","0.0","7.0","0.0","2.0","14.0","10.0","8.0","16.0","43.0","50.0","43.0","0.0","0.0","0.0","0.0","186.0","186.0"
"Rajasthan","08","Alwar","087","Ramgarh","0583","Peeo610- Gsss Beejwa (215653)","Noganwa","80607089","301025","","GOVT. PS KAROLI KHALSA","8060708914","Primary","Co. Educational","Local body","1984","76.861544","27.632773","Operational","Rural","1.0","5.0","","","0.0","1.0","1.0","2.0","0.0","10.0","12.0","10.0","8.0","9.0","0.0","0.0","0.0","0.0","0.0","0.0","0.0","49.0","49.0"
"Rajasthan","08","Karauli","108","","None","Peeo6985- Gsss Mongepura (212710)","Mongapura","80906005","322251","","GUPS JAGDARPURA","8090600504","Primary with Upper Primary","Co. Educational","Department of Education","1984","77.183563","26.253034","Operational","Rural","1.0","8.0","","","0.0","4.0","2.0","5.0","0.0","20.0","9.0","20.0","9.0","17.0","6.0","9.0","13.0","0.0","0.0","0.0","0.0","103.0","103.0"
"Uttar Pradesh","09","Amethi - Csm Nagar","None","Amethi","None","Nraini","Pure Jaya","97302058","227405","","PS PURE JAYA","9730205801","Primary","Co. Educational","Department of Education","1978","81.729","26.096","Operational","Rural","1.0","5.0","","","0.0","5.0","0.0","4.0","0.0","9.0","7.0","14.0","7.0","12.0","0.0","0.0","0.0","0.0","0.0","0.0","0.0","49.0","49.0"
"Punjab","03","Ludhiana","036","","None","Gps Hedon Bet","Macchiwara Khaam","30907060","","","GMS MACCHIWARA KHAM","3090706002","Upper Primary only","Co. Educational","Department of Education","2001","76.283011","30.957806","Operational","Rural","6.0","8.0","","","0.0","3.0","0.0","3.0","0.0","0.0","0.0","0.0","0.0","0.0","10.0","10.0","14.0","0.0","0.0","0.0","0.0","34.0","34.0"
"Karnataka","29","Dakshina Kannada","534","","None","Madhva","Kavalapadur","292401034","","","DKZP GOVT. HIGHER PRIMARY SCHOOL MADHVA","29240103402","Primary with Upper Primary","Co. Educational","Department of Education","1984","75.121111","12.93","Operational","Rural","1.0","8.0","","","0.0","6.0","2.0","5.0","0.0","17.0","22.0","14.0","4.0","11.0","13.0","10.0","16.0","0.0","0.0","0.0","0.0","107.0","107.0"
"Uttar Pradesh","09","Saharanpur","177","","None","Shahranpur","Sector 16","90106016","247001","SECTOR 16","SUFFA J.H.SCHOOL MANAKMAU","9010601623","Upper Primary only","Co. Educational","Private Unaided (Recognized)","2003","77.55","29.9667","Operational","Urban","6.0","8.0","","","0.0","12.0","2.0","7.0","0.0","0.0","0.0","0.0","0.0","0.0","63.0","48.0","56.0","0.0","0.0","0.0","0.0","167.0","167.0"
"Chhattisgarh","22","Raipur","387","Dharsiwa","3700","Crc Sankara","Dhaneli","221104008","","","PVT ANAND MARG PS SCHOOL DHANELI","22110400812","Primary","Co. Educational","Private Unaided (Recognized)","1995","81.6664","21.3369","Operational","Rural","1.0","5.0","","","0.0","10.0","1.0","13.0","99.0","52.0","57.0","56.0","54.0","44.0","0.0","0.0","0.0","0.0","0.0","0.0","0.0","263.0","362.0"
"Tamil Nadu","33","Madurai","578","Madurai East","6219","P.U.M.S.Chittampatti","Ayilangudi","332406022","","","P.U.P.S MAYANDIPATTI","33240602202","Primary","Co. Educational","Department of Education","1960","78.23046","9.99814","Operational","Rural","1.0","5.0","","","0.0","4.0","0.0","3.0","0.0","18.0","11.0","13.0","18.0","22.0","0.0","0.0","0.0","0.0","0.0","0.0","0.0","82.0","82.0"
"Uttarakhand","05","Nainital","051","Haldwani","0394","Kaladhungi Road Hld","Haldwani City","51104042","263139","HALDWANI CITY","GYAN BHARTI SARASWATI V M TANAKPUR ROAD","5110404267","Primary with Upper Primary","Co. Educational","Private Unaided (Recognized)","1999","79.5334","29.2228","Operational","Urban","1.0","8.0","","","0.0","11.0","2.0","10.0","35.0","22.0","30.0","22.0","24.0","19.0","26.0","26.0","7.0","0.0","0.0","0.0","0.0","176.0","211.0"
"Uttar Pradesh","09","Ballia","126","Beruarbari","0911","Beruarwari/G.Nagar","Barwa","96308041","277304","","P S BARWA","9630804101","Primary","Co. Educational","Department of Education","1968","84.134528","25.889757","Operational","Rural","1.0","5.0","","","0.0","6.0","2.0","4.0","0.0","21.0","19.0","22.0","21.0","23.0","0.0","0.0","0.0","0.0","0.0","0.0","0.0","106.0","106.0"
"Telangana","36","Sangareddy","691","Jharasangam","5276","Zphs Jharasangam","Gangapur","361612003","","","MPPS GANGAPUR","36161200301","Primary","Co. Educational","Local body","1975","77.711567","17.823049","Operational","Rural","1.0","5.0","","","0.0","2.0","1.0","1.0","0.0","1.0","3.0","2.0","1.0","0.0","0.0","0.0","0.0","0.0","0.0","0.0","0.0","7.0","7.0"
"Jammu and Kashmir","01","Rajouri","012","Nowshera","0116","Ms Nowshera","Ward No 5 Nowshera","11223028","185151","WARD NO 5 Nowshera","ARYA PS NOWSHERA","1122302801","Primary","Co. Educational","Private Unaided (Recognized)","1975","74.2364","33.148","Operational","Urban","1.0","5.0","","","0.0","6.0","0.0","5.0","9.0","7.0","0.0","1.0","0.0","0.0","0.0","0.0","0.0","0.0","0.0","0.0","0.0","8.0","17.0"
"Assam","18","Lakhimpur","295","Dhakuakhana","2642","Pub Dhakuakhana Ext. 4","Bandana","181203120","787055","","BHITOR BANDANA LPS","18120312005","Primary","Co. Educational","Unrecognized","1985","94.53275","27.233883","Operational","Rural","1.0","5.0","","","0.0","2.0","0.0","2.0","0.0","8.0","12.0","12.0","11.0","6.0","0.0","0.0","0.0","0.0","0.0","0.0","0.0","49.0","49.0"
"Maharashtra","27","Nashik","487","Kalwan","4484","Desgaon","Desgaon","272006037","423502","","SAU.V.T.AHER MADHYMIK VIDHYALA DESGAON","27200603703","Upper Pri. and Secondary","Co. Educational","Private Unaided (Recognized)","2003","73.839182","20.498311","Operational","Rural","8.0","10.0","State Board","","0.0","5.0","4.0","5.0","0.0","0.0","0.0","0.0","0.0","0.0","0.0","0.0","31.0","42.0","35.0","0.0","0.0","108.0","108.0"
"Uttar Pradesh","09","Bulandshahr","134","","None","Kuchesar Fort","Bahpur","91107032","203402","","P.S  BAH PUR---2","9110703202","Primary","Co. Educational","Department of Education","1953","78.138204","28.522719","Operational","Rural","1.0","5.0","","","0.0","2.0","2.0","3.0","0.0","17.0","20.0","11.0","7.0","5.0","0.0","0.0","0.0","0.0","0.0","0.0","0.0","60.0","60.0"
"Uttar Pradesh","09","Kannauj","155","Kannauj","1262","Loha Mardh","Rajai Mau Raja","93001055","209732","","PRABHAT ADARASH VIDYALYA P.S.","9300105505","Primary","Co. Educational","Private Unaided (Recognized)","1980","80.9833","26.9167","Operational","Rural","1.0","5.0","","","2.0","14.0","4.0","9.0","0.0","84.0","74.0","60.0","64.0","69.0","0.0","0.0","0.0","0.0","0.0","0.0","0.0","351.0","351.0"
"Madhya Pradesh","23","Satna","426","","None","Ghss Unchehra","Gobarao Kala","231308007","485661","","UTHAN SEVA SANSTHAN HSC","23130800703","Primary with Upper Primary","Co. Educational","Private Unaided (Recognized)","1997","80.780562","24.435083","Operational","Rural","1.0","8.0","","","0.0","8.0","0.0","12.0","0.0","22.0","26.0","19.0","10.0","12.0","13.0","12.0","8.0","0.0","0.0","0.0","0.0","122.0","122.0"
"Uttar Pradesh","09","Basti","131","","None","Mahripur","Mahripur","95507002","272128","","J.H.S. MAHRIPUR","9550700202","Upper Primary only","Co. Educational","Department of Education","1970","82.70322","26.76748","Operational","Rural","6.0","8.0","","","0.0","4.0","0.0","2.0","0.0","0.0","0.0","0.0","0.0","0.0","19.0","27.0","21.0","0.0","0.0","0.0","0.0","67.0","67.0"
"Madhya Pradesh","23","Panna","420","Gunour","3931","Hr Sce Boys Gunour","Kachnara","231002227","488001","","PS KACHNARA","23100222701","Primary","Co. Educational","Department of Education","1995","80.255495","24.506163","Operational","Rural","1.0","5.0","","","0.0","5.0","0.0","2.0","0.0","3.0","5.0","2.0","1.0","4.0","0.0","0.0","0.0","0.0","0.0","0.0","0.0","15.0","15.0"
"Uttar Pradesh","09","Sitapur","183","Biswan","1552","Ulra","Dafra","92403136","261201","","BABA KSHATRA PAL BAL VIDHYA MA","9240313602","Primary","Co. Educational","Private Unaided (Recognized)","1997","80.95203","27.49085","Operational","Rural","1.0","5.0","","","0.0","5.0","0.0","6.0","0.0","11.0","12.0","13.0","8.0","16.0","0.0","0.0","0.0","0.0","0.0","0.0","0.0","60.0","60.0"
"Assam","18","Kamrup-Rural","None","Chhaygaon","None","Hahchori","Choudhuri Pam","180603100","781136","","CHOUDHURI PAM LPS","18060310005","Primary","Co. Educational","Department of Education","1975","91.1666","26.106783","Operational","Rural","1.0","5.0","","","0.0","4.0","0.0","3.0","0.0","31.0","43.0","35.0","25.0","29.0","0.0","0.0","0.0","0.0","0.0","0.0","0.0","163.0","163.0"
"Madhya Pradesh","23","Anuppur","390","Jaithari","3737","Hss Phunga","Kolmi","234706069","484336","","PS BAIGAN TOLA, KOLAMI","23470606904","Primary","Co. Educational","Tribal Welfare Department","2014","81.808943","23.149325","Operational","Rural","1.0","5.0","","","0.0","1.0","0.0","1.0","0.0","4.0","9.0","3.0","13.0","10.0","0.0","0.0","0.0","0.0","0.0","0.0","0.0","39.0","39.0"
"Andhra Pradesh","28","Visakhapatanam","520","","None","Zphs Narsipatnam","Balighattam","281317009","","BALIGHATTAM","RAVINDRABHARATHI SCHOOL","28131700942","Primary","Co. Educational","Private Unaided (Recognized)","2011","82.6147","17.6647","Operational","Urban","1.0","5.0","","","4.0","12.0","0.0","10.0","0.0","19.0","24.0","36.0","36.0","25.0","0.0","0.0","0.0","0.0","0.0","0.0","0.0","140.0","140.0"
"Haryana","06","Jhajjar","064","Salhawas","0497","Gsss Khudan","Chhapar","61504009","124108","","S.D.SR.SEC.SCHOOL CHHAPAR","6150400903","Pri. with Upper Pri. Sec. and H.Sec.","Co. Educational","Private Unaided (Recognized)","1999","76.600034","28.448586","Operational","Rural","1.0","12.0","State Board","State Board","0.0","18.0","6.0","20.0","0.0","11.0","22.0","29.0","20.0","30.0","23.0","31.0","30.0","36.0","67.0","144.0","135.0","578.0","578.0"
"Mizoram","15","Saiha","267","","None","Old Siaha","New Colony-Ii","150801030","796901","NEW COLONY-II","N.COLONY - II PS LOCAL BODY","15080103001","Primary","Co. Educational","Local body","1970","92.98164","22.4891","Operational","Urban","0.0","4.0","","","0.0","5.0","1.0","7.0","19.0","5.0","3.0","4.0","6.0","0.0","0.0","0.0","0.0","0.0","0.0","0.0","0.0","18.0","37.0"
"Rajasthan","08","Jaipur","102","","None","Uceeo10094- Ggsss Gangori  Bazar (218970)","Ward No.77 Jaipur City","81226077","302002","NN_Jaipur Heritage - Ward No.- 058","GOVT UPS GHER SAIWAR","8122607702","Primary with Upper Primary","Co. Educational","Department of Education","1962","75.817046","26.928789","Operational","Urban","1.0","8.0","","","0.0","8.0","5.0","7.0","0.0","6.0","10.0","14.0","18.0","17.0","10.0","10.0","11.0","0.0","0.0","0.0","0.0","96.0","96.0"
"Karnataka","29","Raichur","546","Sindhanur","5897","Badarli","Badarli","290608007","","","GOVT.HIGHER PRIMARY SCHOOL  R H NO-5","29060800703","Primary with Upper Primary","Co. Educational","Department of Education","1983","76.86","15.79","Operational","Rural","1.0","8.0","","","0.0","8.0","0.0","8.0","0.0","22.0","29.0","25.0","27.0","26.0","37.0","38.0","37.0","0.0","0.0","0.0","0.0","241.0","241.0"
"Telangana","36","Ranga Reddy","518","","None","Zphs Perveda","Parveda (Chanchalam)","362301014","","","MPPS PARVEDA","36230101401","Primary","Co. Educational","Local body","1958","78.129966","17.454673","Operational","Rural","1.0","5.0","","","0.0","5.0","0.0","4.0","0.0","5.0","13.0","11.0","13.0","15.0","0.0","0.0","0.0","0.0","0.0","0.0","0.0","57.0","57.0"
"Gujarat","24","Surat","459","","None","Patal","Chudel","242205030","394648","","CHUDEL PRIMARY SCHOOL","24220503002","Primary with Upper Primary","Co. Educational","Local body","1951","73.194053","21.326644","Operational","Rural","1.0","8.0","","","0.0","7.0","1.0","6.0","0.0","12.0","15.0","11.0","20.0","11.0","10.0","6.0","10.0","0.0","0.0","0.0","0.0","95.0","95.0"
"Tamil Nadu","33","Cuddalore","570","Kattumannarkoil","6123","Srimushnam","Srimushnam","331814056","","SRIMUSHNAM","GHS , SRIMUSHNAM","33181405612","Upper Pri. Secondary and Higher Sec","Co. Educational","Department of Education","2010","79.400661","11.396777","Operational","Rural","6.0","12.0","State Board","State Board","1.0","15.0","5.0","24.0","0.0","0.0","0.0","0.0","0.0","0.0","62.0","68.0","116.0","112.0","111.0","93.0","90.0","652.0","652.0"
"Uttar Pradesh","09","Sitapur","183","Parsendi","1563","Jareli","Angrasi","92414081","261207","","U.P.S ANGRASI","9241408102","Upper Primary only","Co. Educational","Department of Education","1978","80.90641","27.58107","Operational","Rural","6.0","8.0","","","0.0","4.0","0.0","3.0","0.0","0.0","0.0","0.0","0.0","0.0","32.0","35.0","40.0","0.0","0.0","0.0","0.0","107.0","107.0"
"Gujarat","24","Ahmadabad","438","Dholka","4055","Vejalaka","Jawaraj","240707030","382230","","JAWARAJ MADHYAMIK SHALA","24070703002","Secondary with Higher Secondary","Co. Educational","Government Aided","1965","72.267222","22.564008","Operational","Rural","9.0","12.0","State Board","State Board","0.0","4.0","5.0","7.0","0.0","0.0","0.0","0.0","0.0","0.0","0.0","0.0","0.0","63.0","78.0","50.0","52.0","243.0","243.0"
"Uttar Pradesh","09","Pratapgarh","174","Aspur Deosara","1446","Rendi Garapur","Gadhiyawana","94301184","230124","","PS GADHIYAYEE","9430118401","Primary","Co. Educational","Department of Education","2014","82.284975","25.924788","Operational","Rural","1.0","5.0","","","0.0","3.0","0.0","2.0","0.0","10.0","18.0","16.0","16.0","14.0","0.0","0.0","0.0","0.0","0.0","0.0","0.0","74.0","74.0"
"Uttar Pradesh","09","Lalitpur","161","","None","Silawan","Jarya","93705039","284405","","SANT PUSHPA VIDYA MANDIR ENGLISH MEDIUM","9370503906","Primary","Co. Educational","Private Unaided (Recognized)","2013","78.3657","24.325","Operational","Rural","1.0","5.0","","","0.0","5.0","5.0","4.0","0.0","16.0","15.0","30.0","14.0","15.0","0.0","0.0","0.0","0.0","0.0","0.0","0.0","90.0","90.0"
"Andhra Pradesh","28","West Godavari","523","","None","Zphs Lakkavaram","Lakkavaram","281507018","","","SARASWATI DEVI UPPER PRIMARY SCHOOL (EM)","28150701812","Primary","Co. Educational","Private Unaided (Recognized)","2009","81.2837","17.0896","Operational","Rural","1.0","5.0","","","0.0","8.0","1.0","9.0","20.0","12.0","21.0","23.0","28.0","20.0","0.0","0.0","0.0","0.0","0.0","0.0","0.0","104.0","124.0"
"Rajasthan","08","Churu","096","Sujangarh","0658","Peeo3580- Gsss Jetasar Sujangarh Churu 331802 (215479)","Jetasar","80405082","331802","","GPS DHANI ROHIDA JETASAR","8040508208","Primary","Co. Educational","Local body","2002","74.415635","27.91279","Operational","Rural","1.0","5.0","","","0.0","3.0","0.0","2.0","0.0","0.0","13.0","10.0","12.0","14.0","0.0","0.0","0.0","0.0","0.0","0.0","0.0","49.0","49.0"
"Jammu and Kashmir","01","Kathua","007","","None","M S Ramkote","Amuwala","11410010","184205","","GPS SARYA","1141001006","Primary","Co. Educational","Department of Education","1997","75.33944","32.659375","Operational","Rural","1.0","5.0","","","0.0","2.0","1.0","2.0","2.0","3.0","8.0","6.0","3.0","4.0","0.0","0.0","0.0","0.0","0.0","0.0","0.0","24.0","26.0"
"Haryana","06","Faridabad","060","Faridabad","0464","Ghs Ajronda","Sector-30","61916127","121003","SECTOR-30","GPS SECTOR-30","6191612701","Primary","Co. Educational","Department of Education","2008","77.319827","28.444413","Operational","Urban","1.0","5.0","","","0.0","10.0","2.0","6.0","0.0","23.0","45.0","40.0","30.0","34.0","0.0","0.0","0.0","0.0","0.0","0.0","0.0","172.0","172.0"